-- phpMyAdmin SQL Dump
-- version 4.7.9
-- https://www.phpmyadmin.net/
--
-- Хост: 127.0.0.1
-- Время создания: Июл 04 2018 г., 16:52
-- Версия сервера: 10.1.31-MariaDB
-- Версия PHP: 7.2.3

SET SQL_MODE = "NO_AUTO_VALUE_ON_ZERO";
SET AUTOCOMMIT = 0;
START TRANSACTION;
SET time_zone = "+00:00";


/*!40101 SET @OLD_CHARACTER_SET_CLIENT=@@CHARACTER_SET_CLIENT */;
/*!40101 SET @OLD_CHARACTER_SET_RESULTS=@@CHARACTER_SET_RESULTS */;
/*!40101 SET @OLD_COLLATION_CONNECTION=@@COLLATION_CONNECTION */;
/*!40101 SET NAMES utf8mb4 */;

--
-- База данных: `diploma`
--

-- --------------------------------------------------------

--
-- Структура таблицы `additional_code`
--

CREATE TABLE `additional_code` (
  `Id_additional` int(11) NOT NULL,
  `Code` int(11) NOT NULL,
  `Transcript` varchar(20) NOT NULL
) ENGINE=InnoDB DEFAULT CHARSET=utf8;

--
-- Дамп данных таблицы `additional_code`
--

INSERT INTO `additional_code` (`Id_additional`, `Code`, `Transcript`) VALUES
(1, 17, 'лечение в специализи'),
(2, 18, 'при санаторно-курорт'),
(3, 19, 'при лечении в клиник'),
(4, 20, 'при дополнительном о'),
(5, 21, 'при заболевании или ');

-- --------------------------------------------------------

--
-- Структура таблицы `add_surveys`
--

CREATE TABLE `add_surveys` (
  `Id_add_survey` int(11) NOT NULL,
  `Id_visitation` int(11) NOT NULL,
  `Id_method` int(11) NOT NULL
) ENGINE=InnoDB DEFAULT CHARSET=utf8;

--
-- Дамп данных таблицы `add_surveys`
--

INSERT INTO `add_surveys` (`Id_add_survey`, `Id_visitation`, `Id_method`) VALUES
(1, 35, 72),
(2, 40, 99),
(3, 38, 97),
(4, 41, 98),
(5, 43, 100),
(6, 54, 20),
(7, 54, 18),
(8, 59, 17),
(9, 61, 18);

-- --------------------------------------------------------

--
-- Структура таблицы `allergy_to_medicines`
--

CREATE TABLE `allergy_to_medicines` (
  `Id_alergy` int(11) NOT NULL,
  `Id_patient` int(11) NOT NULL,
  `Id_medicament` int(11) NOT NULL
) ENGINE=InnoDB DEFAULT CHARSET=utf8;

-- --------------------------------------------------------

--
-- Структура таблицы `anamnesis`
--

CREATE TABLE `anamnesis` (
  `Id_anamnesis` int(11) NOT NULL,
  `Name` varchar(40) NOT NULL,
  `Code` int(11) NOT NULL
) ENGINE=InnoDB DEFAULT CHARSET=utf8;

--
-- Дамп данных таблицы `anamnesis`
--

INSERT INTO `anamnesis` (`Id_anamnesis`, `Name`, `Code`) VALUES
(1, 'боли схваткообразные', 1),
(2, 'рвота с кровью', 2),
(3, 'температура до 38 градусов', 3),
(4, 'боли в затылочной области', 4),
(5, 'помутнение картинки', 5),
(6, 'выделения водянистые', 6),
(7, 'в момент приступов', 7),
(8, 'мокрота прозрачная', 8),
(9, 'сильно выражена', 9),
(10, 'боли ноющие', 10),
(11, 'боли тупые', 11),
(12, 'отрыжка пустая', 12),
(13, 'продолжительность не более 2-х недель', 13),
(14, 'боли колющие', 14),
(15, 'боли режущие', 15),
(16, 'выделения гнойные', 16),
(17, 'Сухой кашель', 17),
(18, 'Кашель с кровью', 18),
(19, 'Кашель с мокротой', 19),
(20, 'Приступообразный кашель', 20),
(21, 'Лающий кашель', 21),
(22, 'Снижение массы тела', 22),
(23, 'Увеличение массы тела', 23);

-- --------------------------------------------------------

--
-- Структура таблицы `anamnesis_date`
--

CREATE TABLE `anamnesis_date` (
  `Id_anamnesis_date` int(11) NOT NULL,
  `Id_visitation` int(11) NOT NULL,
  `Id_anamnesis` int(11) NOT NULL
) ENGINE=InnoDB DEFAULT CHARSET=utf8;

--
-- Дамп данных таблицы `anamnesis_date`
--

INSERT INTO `anamnesis_date` (`Id_anamnesis_date`, `Id_visitation`, `Id_anamnesis`) VALUES
(1, 35, 1),
(2, 35, 2),
(3, 35, 3),
(4, 36, 4),
(5, 36, 5),
(6, 37, 6),
(7, 37, 7),
(8, 38, 8),
(9, 38, 9),
(10, 40, 10),
(11, 40, 11),
(12, 40, 12),
(13, 40, 3),
(14, 41, 13),
(15, 42, 14),
(16, 43, 1),
(17, 43, 2),
(18, 43, 3),
(19, 44, 3),
(20, 44, 15),
(21, 44, 16),
(22, 54, 8),
(23, 54, 5),
(24, 59, 3),
(25, 61, 6);

-- --------------------------------------------------------

--
-- Структура таблицы `area`
--

CREATE TABLE `area` (
  `Id_area` int(11) NOT NULL,
  `Number` int(11) NOT NULL,
  `Id_MO` int(11) NOT NULL
) ENGINE=InnoDB DEFAULT CHARSET=utf8;

--
-- Дамп данных таблицы `area`
--

INSERT INTO `area` (`Id_area`, `Number`, `Id_MO`) VALUES
(2, 1, 10),
(3, 2, 10),
(4, 3, 10),
(5, 4, 10),
(6, 5, 10),
(7, 6, 10);

-- --------------------------------------------------------

--
-- Структура таблицы `clinical_examination`
--

CREATE TABLE `clinical_examination` (
  `Id_exam` int(11) NOT NULL,
  `Date_with1` date DEFAULT NULL,
  `Date_before1` date DEFAULT NULL,
  `Result` tinyint(1) DEFAULT NULL,
  `Date_with2` date DEFAULT NULL,
  `Date_before2` date DEFAULT NULL,
  `Date_disp` date DEFAULT NULL,
  `Id_patient` int(11) NOT NULL,
  `Id_group_observation` int(11) NOT NULL,
  `Id_privilege` int(11) NOT NULL
) ENGINE=InnoDB DEFAULT CHARSET=utf8;

-- --------------------------------------------------------

--
-- Структура таблицы `code_cause`
--

CREATE TABLE `code_cause` (
  `Id_cause` int(11) NOT NULL,
  `Code` int(11) NOT NULL,
  `Transcript` varchar(20) NOT NULL
) ENGINE=InnoDB DEFAULT CHARSET=utf8;

--
-- Дамп данных таблицы `code_cause`
--

INSERT INTO `code_cause` (`Id_cause`, `Code`, `Transcript`) VALUES
(1, 1, 'любое заболевание, н'),
(2, 2, 'травма,независимо от'),
(3, 3, 'карантин'),
(4, 4, 'несчастный случай,пр'),
(5, 5, 'отпуск по беременнос'),
(6, 6, 'протезирование любог'),
(7, 7, 'профессиональное заб'),
(8, 8, 'долечивание в стацио'),
(9, 9, 'уход за больным член'),
(10, 10, 'иное состояние(напри'),
(11, 11, 'социально значимое з'),
(12, 12, 'в случае заболевание'),
(13, 13, 'ребенок-инвалид'),
(14, 14, 'поствакциональное ос'),
(15, 15, 'ВИЧ-инфицированный р');

-- --------------------------------------------------------

--
-- Структура таблицы `code_different`
--

CREATE TABLE `code_different` (
  `Id_different` int(11) NOT NULL,
  `Code` int(11) NOT NULL,
  `Transcript` varchar(20) NOT NULL
) ENGINE=InnoDB DEFAULT CHARSET=utf8;

--
-- Дамп данных таблицы `code_different`
--

INSERT INTO `code_different` (`Id_different`, `Code`, `Transcript`) VALUES
(1, 31, 'Продолжает болеть'),
(2, 32, 'Установлена инвалидн'),
(3, 33, 'Изменена группа инва'),
(4, 34, 'Умер'),
(5, 35, 'Отказ от проведения '),
(6, 36, 'Явился трудоспособны'),
(7, 37, 'Долечивание');

-- --------------------------------------------------------

--
-- Структура таблицы `code_privilege`
--

CREATE TABLE `code_privilege` (
  `Id_privilege` int(11) NOT NULL,
  `Code` int(11) NOT NULL,
  `Transcript` varchar(20) NOT NULL
) ENGINE=InnoDB DEFAULT CHARSET=utf8;

--
-- Дамп данных таблицы `code_privilege`
--

INSERT INTO `code_privilege` (`Id_privilege`, `Code`, `Transcript`) VALUES
(1, 1, 'Инвалиды войны'),
(2, 2, 'Участники ВОВ'),
(3, 3, 'Ветераны боевых дейс'),
(4, 4, 'Военнослужащие, прох'),
(5, 5, 'Лица, награжденные з'),
(6, 6, 'Лица, работавшие в п'),
(7, 7, 'Члены семей погибших'),
(8, 8, 'Инвалиды (по общему '),
(9, 9, 'Дети-инвалиды'),
(10, 10, 'Лица, подвергшиеся в'),
(11, 101, 'Нуждающиеся в лечени'),
(12, 102, 'Нуждающиеся в лечени'),
(13, 103, 'Нуждающиеся в лечени'),
(14, 104, 'Нуждающиеся в лечени'),
(15, 105, 'Нуждающиеся в лечени'),
(16, 106, 'Нуждающиеся в лечени'),
(17, 107, 'Нуждающиеся в лечени'),
(18, 201, 'Участники гражданско'),
(19, 206, 'Ветераны боевых дейс'),
(20, 207, 'Дети первых трех лет'),
(21, 208, 'Инвалиды I группы, н'),
(22, 209, 'Граждане, подвергшие'),
(23, 210, 'Лица, из числа военн'),
(24, 211, 'Лица, получившие или'),
(25, 212, 'Малочисленные народы'),
(26, 213, 'Отдельные группы нас'),
(27, 214, 'Детские церебральные'),
(28, 215, 'Гепатоцеребральная д'),
(29, 216, 'Муковисцидоз (больны'),
(30, 217, 'Острая перемежающаяс'),
(31, 218, 'СПИД, ВИЧ – инфициро'),
(32, 219, 'Онкологические забол'),
(33, 220, 'Гематологические заб'),
(34, 221, 'Лучевая болезнь'),
(35, 222, 'Лепра'),
(36, 223, 'Туберкулез'),
(37, 224, 'Тяжелая форма бруцел'),
(38, 225, 'Системные хронически'),
(39, 226, 'Бронхиальная астма '),
(40, 227, 'Ревматизм и ревматои'),
(41, 228, 'Инфаркт миокарда (пе'),
(42, 229, 'Состояние после опер'),
(43, 230, 'Пересадка органов и '),
(44, 231, 'Диабет'),
(45, 232, 'Гипофизарный нанизм'),
(46, 233, 'Преждевременное поло'),
(47, 234, 'Рассеянный склероз'),
(48, 235, 'Миастения'),
(49, 236, 'Миопатия'),
(50, 237, 'Мозжечковая атаксия '),
(51, 238, 'Болезнь Паркинсона'),
(52, 239, 'Хронические урологич'),
(53, 240, 'Сифилис'),
(54, 241, 'Глаукома, катаракта'),
(55, 242, 'Психические заболева'),
(56, 243, 'Аддисоновая болезнь'),
(57, 244, 'Шизофрения и эпилепс'),
(58, 301, 'Инвалиды войны без Д'),
(59, 302, 'Участники ВОВ без ДЛ'),
(60, 303, 'Ветераны боевых дейс'),
(61, 304, 'Военнослужащие ВОВ б'),
(62, 305, 'Блокадники без ДЛО'),
(63, 306, 'Работавшие в период '),
(64, 307, 'Члены семей погибших'),
(65, 308, 'Инвалиды (по общему '),
(66, 309, 'Дети-инвалиды без ДЛ'),
(67, 310, 'Лица, подвергшиеся в'),
(68, 400, 'Беременные'),
(69, 401, 'Кормящие матери'),
(70, 501, 'Пенсионеры, получающ'),
(71, 502, 'Работающие инвалиды '),
(72, 503, 'Граждане, принимавши'),
(73, 504, 'Лица, подвергшиеся п'),
(74, 505, 'Военнослужащие, в то'),
(75, 506, 'Лица, работавшие в г'),
(76, 507, 'Лица, проработавшие ');

-- --------------------------------------------------------

--
-- Структура таблицы `code_violation`
--

CREATE TABLE `code_violation` (
  `Id_violation` int(11) NOT NULL,
  `Code` int(11) NOT NULL,
  `Transcript` varchar(20) NOT NULL
) ENGINE=InnoDB DEFAULT CHARSET=utf8;

--
-- Дамп данных таблицы `code_violation`
--

INSERT INTO `code_violation` (`Id_violation`, `Code`, `Transcript`) VALUES
(1, 23, 'Несоблюдение предпис'),
(2, 24, 'Несвоевременная явка'),
(3, 25, 'Выход на работу без '),
(4, 26, 'Отказ от направления'),
(5, 27, 'Несвоевременная явка'),
(6, 28, 'Другие нарушения');

-- --------------------------------------------------------

--
-- Структура таблицы `company`
--

CREATE TABLE `company` (
  `Id_insurer` int(11) NOT NULL,
  `Name` varchar(40) NOT NULL,
  `Code` int(11) NOT NULL
) ENGINE=InnoDB DEFAULT CHARSET=utf8;

--
-- Дамп данных таблицы `company`
--

INSERT INTO `company` (`Id_insurer`, `Name`, `Code`) VALUES
(1, 'ООО \"Росгосстрах-Медицина\"', 2147483647),
(2, 'ООО \"СМК РЕСО-Мед\"', 2147483647),
(3, 'ООО \"Ингосстрах-М\"', 2147483647),
(4, 'ООО \"АК БАРС-МЕД\"', 2147483647),
(5, 'ООО \"МЕДСТРАХ\"', 2147483647),
(6, 'ООО \"Панацея\"', 2147483647),
(7, 'ООО \"АльфаСтрахование\"', 2147483647),
(8, 'ООО \"Надежда\"', 2147483647),
(9, 'ООО \"Югория\"', 2147483647);

-- --------------------------------------------------------

--
-- Структура таблицы `complaints`
--

CREATE TABLE `complaints` (
  `Id_complaints` int(11) NOT NULL,
  `Name` varchar(100) NOT NULL,
  `Code` int(11) NOT NULL
) ENGINE=InnoDB DEFAULT CHARSET=utf8;

--
-- Дамп данных таблицы `complaints`
--

INSERT INTO `complaints` (`Id_complaints`, `Name`, `Code`) VALUES
(1, 'Слабость общая/недомогание', 1),
(2, 'Повышенная утомляемость', 2),
(3, 'Резкое ухудшение общего состояния', 3),
(4, 'Температура тела повышена', 4),
(5, 'Озноб', 5),
(6, 'Температура тела ниже нормальной', 6),
(7, 'Синюшное окрашивание кожи', 7),
(8, 'Кожа бледная', 8),
(9, 'Покраснение кожи', 9),
(10, 'Пигментация кожи темно-коричневая', 10),
(11, 'Потливость', 11),
(12, 'Кожа сухая', 12),
(13, 'Желтушность кожи и глазного белка', 13),
(14, 'Холодная кожа', 14),
(15, 'Холодные и/или потные ладони и ступни', 15),
(16, 'Кожный зуд', 16),
(17, 'Язва/язвы, язвочки', 17),
(18, 'Выпадение волос', 18),
(19, 'Гнойничок/гнойнички', 19),
(20, 'Шелушащиеся пятна на коже', 20),
(21, 'Плохое заживление ран', 21),
(22, 'Болезненные красные пятна на коже', 22),
(23, 'Отеки', 23),
(24, 'Лимфатические узлы увеличены', 24),
(25, 'Дыхание через нос затруднено', 25),
(26, 'Частое чихание', 26),
(27, 'Обоняние снижено', 27),
(28, 'Выделения из носа густые, слизистые (соп', 28),
(29, 'Повторяющиеся носовые кровотечения', 29),
(30, 'Боль в горле при глотании', 30),
(31, 'Горло болит или першит', 31),
(32, 'Кашель', 32),
(35, 'Кашель с мокротой', 35),
(36, 'Одышка', 36),
(37, 'Удушье', 37),
(38, 'Учащенное сердцебиение ', 38),
(39, 'Пульс слабый, редкий', 39),
(40, 'Частота сокращений сердца снижена', 40),
(41, 'Артериальное давление снижено', 41),
(42, 'Артериальное давление повышено', 42),
(43, 'Аппетит снижен', 43),
(44, 'Повышенное слюноотделение', 44),
(45, 'Аппетит повышен', 45),
(46, 'Жажда', 46),
(47, 'Сухость во рту', 47),
(48, 'Покраснение слизистой рта', 48),
(49, 'Горечь во рту', 49),
(50, 'Запах изо рта', 50),
(51, 'Жжение во рту и/или горле', 51),
(52, 'Затруднения при глотании', 52),
(53, 'Налет на языке', 53),
(54, 'Охриплость голоса', 54),
(55, 'Язык сухой', 55),
(56, 'Комок в горле', 56),
(57, 'Рвота', 57),
(58, 'Тошнота', 58),
(59, 'Отрыжка', 59),
(60, 'Изжога', 60),
(61, 'Вздутие живота', 61),
(62, 'Боли в животе', 62),
(63, 'Тяжесть вверху живота', 63),
(64, 'Увеличение живота', 64),
(65, 'Жидкий стул', 65),
(66, 'Расстройства стула', 66),
(67, 'Запор', 67),
(68, 'Метеоризм', 68),
(69, 'Кал с кровью', 69),
(70, 'Ложные позывы к дефекации', 70),
(71, 'Стул частый', 71),
(72, 'Учащенное мочеиспускание', 72),
(73, 'Болезненное мочеиспускание', 73),
(74, 'Затрудненное мочеиспускание', 74),
(75, 'Задержка мочеиспускания', 75),
(76, 'Количество мочи меньше обычного', 76),
(77, 'Количество мочи заметно больше обычного', 77),
(78, 'Недержание мочи', 78),
(79, 'Боль в области малого таза', 79),
(80, 'Боли в суставах', 80),
(81, 'Боли в спине', 81),
(82, 'Мышечная слабость', 82),
(83, 'Боль в мышцах', 83),
(84, 'Судороги всего тела', 84),
(85, 'Судороги икроножных мышц', 85),
(86, 'Перемежающаяся хромота', 86),
(87, 'Увеличение щитовидной железы', 87),
(88, 'Снижение массы тела', 88),
(89, 'Потливость по ночам', 89),
(90, 'Нарушения менструального цикла', 90),
(91, 'Головные боли', 91),
(92, 'Головокружение ', 92),
(93, 'Потеря сознания', 93),
(94, 'Склонность к обморокам', 94),
(95, 'Заторможенность', 95),
(96, 'Угнетение сознания', 96),
(97, 'Нарушения походки', 97),
(98, 'Осиплость, ослабление голоса', 98),
(99, 'Нарушение координации движений', 99),
(100, 'Ухудшение речи', 100),
(101, 'Непроизвольное дрожание пальцев вытянуты', 101),
(102, 'Снижение памяти', 102),
(103, 'Галлюцинации слуховые или зрительные', 103),
(104, 'Бред', 104),
(105, 'Речь стала замедленной', 105),
(106, 'Нарушения сна', 106),
(107, 'Повышенная сонливость', 107),
(108, 'Раздражительность', 108),
(109, 'Беспокойство', 109),
(110, 'Апатия', 110),
(111, 'Нервная возбудимость повышена', 111),
(112, 'Резкие перепады настроения', 112),
(113, 'Повышенная плаксивость', 101),
(114, 'Эйфория, беспричинное повышение настроен', 113),
(115, 'Повышенная агрессивность', 114),
(116, 'Слезотечение', 115),
(117, 'Снижение остроты зрения', 116),
(118, 'Покраснение глаз', 117),
(119, 'Боль в глазах', 118),
(120, 'Сухость глаз', 119),
(121, 'Утомляемость глаз', 120),
(122, 'Снижение слуха', 121),
(123, 'Шум в ушах', 122),
(124, 'Заложенность уха', 123),
(125, 'Извращение вкуса', 124),
(126, 'Снижение тактильной чувствительности', 125),
(127, 'Рефлексы ослаблены', 126),
(128, 'Нарушения зрения', 127),
(129, 'Нарушение цветовосприятия', 128),
(130, 'Выделения из носа', 129),
(131, 'Першение в горле', 130),
(132, 'Боли в области сердца', 131),
(133, 'Боли в правом подреберье', 132),
(134, 'Воспаление слизистых оболочек', 133),
(135, 'Боли в грудной клетке', 134),
(136, 'Выделения из глаз', 135),
(137, 'Резкое изменение массы тела без видимых причин', 136),
(138, 'Ухудшение зрения', 137);

-- --------------------------------------------------------

--
-- Структура таблицы `complaints_date`
--

CREATE TABLE `complaints_date` (
  `Id_complaints_date` int(11) NOT NULL,
  `Id_visitation` int(11) NOT NULL,
  `Id_complaints` int(11) NOT NULL
) ENGINE=InnoDB DEFAULT CHARSET=utf8;

--
-- Дамп данных таблицы `complaints_date`
--

INSERT INTO `complaints_date` (`Id_complaints_date`, `Id_visitation`, `Id_complaints`) VALUES
(1, 35, 62),
(2, 35, 58),
(3, 35, 59),
(4, 35, 1),
(5, 35, 57),
(6, 35, 4),
(7, 36, 91),
(8, 36, 92),
(9, 36, 128),
(10, 36, 86),
(11, 36, 15),
(12, 37, 37),
(13, 37, 28),
(14, 37, 26),
(15, 37, 109),
(16, 37, 23),
(17, 38, 5),
(18, 38, 91),
(19, 38, 35),
(20, 38, 1),
(21, 38, 58),
(22, 38, 57),
(23, 40, 132),
(24, 40, 58),
(25, 40, 59),
(26, 40, 49),
(27, 40, 4),
(28, 41, 133),
(29, 41, 1),
(30, 41, 91),
(31, 41, 5),
(32, 41, 83),
(33, 41, 4),
(34, 42, 135),
(35, 42, 5),
(36, 42, 11),
(37, 42, 1),
(38, 42, 32),
(39, 42, 36),
(40, 43, 62),
(41, 43, 58),
(42, 43, 59),
(43, 43, 1),
(44, 43, 57),
(45, 43, 4),
(46, 44, 118),
(47, 44, 1),
(48, 44, 4),
(49, 44, 91),
(50, 44, 119),
(51, 44, 135),
(52, 54, 113),
(53, 54, 5),
(54, 59, 10),
(55, 61, 5);

-- --------------------------------------------------------

--
-- Структура таблицы `daily_schedule`
--

CREATE TABLE `daily_schedule` (
  `Id_work_day` int(11) NOT NULL,
  `Date` date DEFAULT NULL,
  `Hour` int(11) DEFAULT NULL,
  `Minute` int(11) DEFAULT NULL,
  `Detail` varchar(40) DEFAULT NULL,
  `Id_date_work` int(11) DEFAULT NULL
) ENGINE=InnoDB DEFAULT CHARSET=utf8;

--
-- Дамп данных таблицы `daily_schedule`
--

INSERT INTO `daily_schedule` (`Id_work_day`, `Date`, `Hour`, `Minute`, `Detail`, `Id_date_work`) VALUES
(66, '2018-06-06', 8, 0, 'интернет-талон', 13),
(67, '2018-06-06', 8, 10, 'интернет-талон', 13),
(68, '2018-06-06', 8, 20, 'интернет-талон', 13),
(69, '2018-06-06', 8, 30, 'интернет-талон', 13),
(70, '2018-06-06', 8, 40, 'интернет-талон', 13),
(71, '2018-06-06', 8, 50, 'интернет-талон', 13),
(72, '2018-06-06', 9, 0, 'интернет-талон', 13),
(73, '2018-06-06', 9, 10, 'интернет-талон', 13),
(74, '2018-06-06', 9, 20, 'интернет-талон', 13),
(75, '2018-06-06', 9, 30, 'интернет-талон', 13),
(76, '2018-06-06', 9, 40, 'интернет-талон', 13),
(77, '2018-06-06', 9, 50, 'интернет-талон', 13),
(78, '2018-06-06', 10, 0, 'интернет-талон', 13),
(79, '2018-06-06', 10, 10, 'интернет-талон', 13),
(80, '2018-06-06', 10, 20, 'интернет-талон', 13),
(81, '2018-06-06', 10, 30, 'интернет-талон', 13),
(82, '2018-06-06', 10, 40, 'интернет-талон', 13),
(83, '2018-06-06', 10, 50, 'интернет-талон', 13),
(84, '2018-06-06', 11, 0, 'интернет-талон', 13),
(85, '2018-06-06', 11, 10, 'интернет-талон', 13),
(86, '2018-06-06', 11, 20, 'интернет-талон', 13),
(87, '2018-06-06', 11, 30, 'интернет-талон', 13),
(88, '2018-06-06', 11, 40, 'интернет-талон', 13),
(89, '2018-06-06', 11, 50, 'интернет-талон', 13),
(90, '2018-06-06', 12, 0, 'интернет-талон', 13),
(91, '2018-06-06', 12, 10, 'интернет-талон', 13),
(92, '2018-06-06', 12, 20, 'интернет-талон', 13),
(93, '2018-06-06', 12, 30, 'интернет-талон', 13),
(94, '2018-06-06', 12, 40, 'интернет-талон', 13),
(95, '2018-06-06', 12, 50, 'интернет-талон', 13),
(96, '2018-06-06', 8, 0, 'интернет-талон', 14),
(97, '2018-06-06', 8, 10, 'интернет-талон', 14),
(98, '2018-06-06', 8, 20, 'интернет-талон', 14),
(99, '2018-06-06', 8, 30, 'интернет-талон', 14),
(100, '2018-06-06', 8, 40, 'интернет-талон', 14),
(101, '2018-06-06', 8, 50, 'интернет-талон', 14),
(102, '2018-06-06', 9, 0, 'интернет-талон', 14),
(103, '2018-06-06', 9, 10, 'интернет-талон', 14),
(104, '2018-06-06', 9, 20, 'интернет-талон', 14),
(105, '2018-06-06', 9, 30, 'интернет-талон', 14),
(106, '2018-06-06', 9, 40, 'интернет-талон', 14),
(107, '2018-06-06', 9, 50, 'интернет-талон', 14),
(108, '2018-06-06', 10, 0, 'интернет-талон', 14),
(109, '2018-06-06', 10, 10, 'интернет-талон', 14),
(110, '2018-06-06', 10, 20, 'интернет-талон', 14),
(111, '2018-06-06', 10, 30, 'интернет-талон', 14),
(112, '2018-06-06', 10, 40, 'интернет-талон', 14),
(113, '2018-06-06', 10, 50, 'интернет-талон', 14),
(114, '2018-06-06', 11, 0, 'интернет-талон', 14),
(115, '2018-06-06', 11, 10, 'интернет-талон', 14),
(116, '2018-06-06', 11, 20, 'интернет-талон', 14),
(117, '2018-06-06', 11, 30, 'интернет-талон', 14),
(118, '2018-06-06', 11, 40, 'интернет-талон', 14),
(119, '2018-06-06', 11, 50, 'интернет-талон', 14),
(120, '2018-06-06', 12, 0, 'интернет-талон', 14),
(121, '2018-06-06', 12, 10, 'интернет-талон', 14),
(122, '2018-06-06', 12, 20, 'интернет-талон', 14),
(123, '2018-06-06', 12, 30, 'интернет-талон', 14),
(124, '2018-06-06', 12, 40, 'интернет-талон', 14),
(125, '2018-06-06', 12, 50, 'интернет-талон', 14),
(126, '2018-06-06', 14, 0, 'интернет-талон', 15),
(127, '2018-06-06', 14, 10, 'интернет-талон', 15),
(128, '2018-06-06', 14, 20, 'интернет-талон', 15),
(129, '2018-06-06', 14, 30, 'интернет-талон', 15),
(130, '2018-06-06', 14, 40, 'интернет-талон', 15),
(131, '2018-06-06', 14, 50, 'интернет-талон', 15),
(132, '2018-06-06', 15, 0, 'интернет-талон', 15),
(133, '2018-06-06', 15, 10, 'интернет-талон', 15),
(134, '2018-06-06', 15, 20, 'интернет-талон', 15),
(135, '2018-06-06', 15, 30, 'интернет-талон', 15),
(136, '2018-06-06', 15, 40, 'интернет-талон', 15),
(137, '2018-06-06', 15, 50, 'интернет-талон', 15),
(138, '2018-06-06', 15, 0, 'интернет-талон', 15),
(139, '2018-06-06', 15, 10, 'интернет-талон', 15),
(140, '2018-06-06', 15, 20, 'интернет-талон', 15),
(141, '2018-06-06', 15, 30, 'интернет-талон', 15),
(142, '2018-06-06', 15, 40, 'интернет-талон', 15),
(143, '2018-06-06', 15, 50, 'интернет-талон', 15),
(144, '2018-06-06', 16, 0, 'интернет-талон', 15),
(145, '2018-06-06', 16, 10, 'интернет-талон', 15),
(146, '2018-06-06', 16, 20, 'интернет-талон', 15),
(147, '2018-06-06', 16, 30, 'интернет-талон', 15),
(148, '2018-06-06', 16, 40, 'интернет-талон', 15),
(149, '2018-06-06', 16, 50, 'интернет-талон', 15),
(150, '2018-06-06', 17, 0, 'интернет-талон', 15),
(151, '2018-06-06', 17, 10, 'интернет-талон', 15),
(152, '2018-06-06', 17, 20, 'интернет-талон', 15),
(153, '2018-06-06', 17, 30, 'интернет-талон', 15),
(154, '2018-06-06', 17, 40, 'интернет-талон', 15),
(155, '2018-06-06', 17, 50, 'интернет-талон', 15),
(156, '2018-06-06', 14, 0, 'интернет-талон', 16),
(157, '2018-06-06', 14, 10, 'интернет-талон', 16),
(158, '2018-06-06', 14, 20, 'интернет-талон', 16),
(159, '2018-06-06', 14, 30, 'интернет-талон', 16),
(160, '2018-06-06', 14, 40, 'интернет-талон', 16),
(161, '2018-06-06', 14, 50, 'интернет-талон', 16),
(162, '2018-06-06', 15, 0, 'интернет-талон', 16),
(163, '2018-06-06', 15, 10, 'интернет-талон', 16),
(164, '2018-06-06', 15, 20, 'интернет-талон', 16),
(165, '2018-06-06', 15, 30, 'интернет-талон', 16),
(166, '2018-06-06', 15, 40, 'интернет-талон', 16),
(167, '2018-06-06', 15, 50, 'интернет-талон', 16),
(168, '2018-06-06', 15, 0, 'интернет-талон', 16),
(169, '2018-06-06', 15, 10, 'интернет-талон', 16),
(170, '2018-06-06', 15, 20, 'интернет-талон', 16),
(171, '2018-06-06', 15, 30, 'интернет-талон', 16),
(172, '2018-06-06', 15, 40, 'интернет-талон', 16),
(173, '2018-06-06', 15, 50, 'интернет-талон', 16),
(174, '2018-06-06', 16, 0, 'интернет-талон', 16),
(175, '2018-06-06', 16, 10, 'интернет-талон', 16),
(176, '2018-06-06', 16, 20, 'интернет-талон', 16),
(177, '2018-06-06', 16, 30, 'интернет-талон', 16),
(178, '2018-06-06', 16, 40, 'интернет-талон', 16),
(179, '2018-06-06', 16, 50, 'интернет-талон', 16),
(180, '2018-06-06', 17, 0, 'интернет-талон', 16),
(181, '2018-06-06', 17, 10, 'интернет-талон', 16),
(182, '2018-06-06', 17, 20, 'интернет-талон', 16),
(183, '2018-06-06', 17, 30, 'интернет-талон', 16),
(184, '2018-06-06', 17, 40, 'интернет-талон', 16),
(185, '2018-06-06', 17, 50, 'интернет-талон', 16),
(186, '2018-06-06', 14, 0, 'интернет-талон', 17),
(187, '2018-06-06', 14, 10, 'интернет-талон', 17),
(188, '2018-06-06', 14, 20, 'интернет-талон', 17),
(189, '2018-06-06', 14, 30, 'интернет-талон', 17),
(190, '2018-06-06', 14, 40, 'интернет-талон', 17),
(191, '2018-06-06', 14, 50, 'интернет-талон', 17),
(192, '2018-06-06', 15, 0, 'интернет-талон', 17),
(193, '2018-06-06', 15, 10, 'интернет-талон', 17),
(194, '2018-06-06', 15, 20, 'интернет-талон', 17),
(195, '2018-06-06', 15, 30, 'интернет-талон', 17),
(196, '2018-06-06', 15, 40, 'интернет-талон', 17),
(197, '2018-06-06', 15, 50, 'интернет-талон', 17),
(198, '2018-06-06', 15, 0, 'интернет-талон', 17),
(199, '2018-06-06', 15, 10, 'интернет-талон', 17),
(200, '2018-06-06', 15, 20, 'интернет-талон', 17),
(201, '2018-06-06', 15, 30, 'интернет-талон', 17),
(202, '2018-06-06', 15, 40, 'интернет-талон', 17),
(203, '2018-06-06', 15, 50, 'интернет-талон', 17),
(204, '2018-06-06', 16, 0, 'интернет-талон', 17),
(205, '2018-06-06', 16, 10, 'интернет-талон', 17),
(206, '2018-06-06', 16, 20, 'интернет-талон', 17),
(207, '2018-06-06', 16, 30, 'интернет-талон', 17),
(208, '2018-06-06', 16, 40, 'интернет-талон', 17),
(209, '2018-06-06', 16, 50, 'интернет-талон', 17),
(210, '2018-06-06', 17, 0, 'интернет-талон', 17),
(211, '2018-06-06', 17, 10, 'интернет-талон', 17),
(212, '2018-06-06', 17, 20, 'интернет-талон', 17),
(213, '2018-06-06', 17, 30, 'интернет-талон', 17),
(214, '2018-06-06', 17, 40, 'интернет-талон', 17),
(215, '2018-06-06', 17, 50, 'интернет-талон', 17),
(216, '2018-06-06', 14, 0, 'интернет-талон', 18),
(217, '2018-06-06', 14, 10, 'интернет-талон', 18),
(218, '2018-06-06', 14, 20, 'интернет-талон', 18),
(219, '2018-06-06', 14, 30, 'интернет-талон', 18),
(220, '2018-06-06', 14, 40, 'интернет-талон', 18),
(221, '2018-06-06', 14, 50, 'интернет-талон', 18),
(222, '2018-06-06', 15, 0, 'интернет-талон', 18),
(223, '2018-06-06', 15, 10, 'интернет-талон', 18),
(224, '2018-06-06', 15, 20, 'интернет-талон', 18),
(225, '2018-06-06', 15, 30, 'интернет-талон', 18),
(226, '2018-06-06', 15, 40, 'интернет-талон', 18),
(227, '2018-06-06', 15, 50, 'интернет-талон', 18),
(228, '2018-06-06', 15, 0, 'интернет-талон', 18),
(229, '2018-06-06', 15, 10, 'интернет-талон', 18),
(230, '2018-06-06', 15, 20, 'интернет-талон', 18),
(231, '2018-06-06', 15, 30, 'интернет-талон', 18),
(232, '2018-06-06', 15, 40, 'интернет-талон', 18),
(233, '2018-06-06', 15, 50, 'интернет-талон', 18),
(234, '2018-06-06', 16, 0, 'интернет-талон', 18),
(235, '2018-06-06', 16, 10, 'интернет-талон', 18),
(236, '2018-06-06', 16, 20, 'интернет-талон', 18),
(237, '2018-06-06', 16, 30, 'интернет-талон', 18),
(238, '2018-06-06', 16, 40, 'интернет-талон', 18),
(239, '2018-06-06', 16, 50, 'интернет-талон', 18),
(240, '2018-06-06', 17, 0, 'интернет-талон', 18),
(241, '2018-06-06', 17, 10, 'интернет-талон', 18),
(242, '2018-06-06', 17, 20, 'интернет-талон', 18),
(243, '2018-06-06', 17, 30, 'интернет-талон', 18),
(244, '2018-06-06', 17, 40, 'интернет-талон', 18),
(245, '2018-06-06', 17, 50, 'интернет-талон', 18),
(246, '2018-06-06', 8, 0, 'интернет-талон', 20),
(247, '2018-06-06', 8, 10, 'интернет-талон', 20),
(248, '2018-06-06', 8, 20, 'интернет-талон', 20),
(249, '2018-06-06', 8, 30, 'интернет-талон', 20),
(250, '2018-06-06', 8, 40, 'интернет-талон', 20),
(251, '2018-06-06', 8, 50, 'интернет-талон', 20),
(252, '2018-06-06', 9, 0, 'интернет-талон', 20),
(253, '2018-06-06', 9, 10, 'интернет-талон', 20),
(254, '2018-06-06', 9, 20, 'интернет-талон', 20),
(255, '2018-06-06', 9, 30, 'интернет-талон', 20),
(256, '2018-06-06', 9, 40, 'интернет-талон', 20),
(257, '2018-06-06', 9, 50, 'интернет-талон', 20),
(258, '2018-06-06', 10, 0, 'интернет-талон', 20),
(259, '2018-06-06', 10, 10, 'интернет-талон', 20),
(260, '2018-06-06', 10, 20, 'интернет-талон', 20),
(261, '2018-06-06', 10, 30, 'интернет-талон', 20),
(262, '2018-06-06', 10, 40, 'интернет-талон', 20),
(263, '2018-06-06', 10, 50, 'интернет-талон', 20),
(264, '2018-06-06', 11, 0, 'интернет-талон', 20),
(265, '2018-06-06', 11, 10, 'интернет-талон', 20),
(266, '2018-06-06', 11, 20, 'интернет-талон', 20),
(267, '2018-06-06', 11, 30, 'интернет-талон', 20),
(268, '2018-06-06', 11, 40, 'интернет-талон', 20),
(269, '2018-06-06', 11, 50, 'интернет-талон', 20),
(270, '2018-06-06', 12, 0, 'интернет-талон', 20),
(271, '2018-06-06', 12, 10, 'интернет-талон', 20),
(272, '2018-06-06', 12, 20, 'интернет-талон', 20),
(273, '2018-06-06', 12, 30, 'интернет-талон', 20),
(274, '2018-06-06', 12, 40, 'интернет-талон', 20),
(275, '2018-06-06', 12, 50, 'интернет-талон', 20),
(276, '2018-06-06', 13, 0, 'интернет-талон', 20),
(277, '2018-06-06', 13, 10, 'интернет-талон', 20),
(278, '2018-06-06', 13, 20, 'интернет-талон', 20),
(279, '2018-06-06', 13, 30, 'интернет-талон', 20),
(280, '2018-06-06', 13, 40, 'интернет-талон', 20),
(281, '2018-06-06', 13, 50, 'интернет-талон', 20),
(282, '2018-06-06', 14, 0, 'интернет-талон', 20),
(283, '2018-06-06', 14, 10, 'интернет-талон', 20),
(284, '2018-06-06', 14, 20, 'интернет-талон', 20),
(285, '2018-06-06', 14, 30, 'интернет-талон', 20),
(286, '2018-06-06', 14, 40, 'интернет-талон', 20),
(287, '2018-06-06', 14, 50, 'интернет-талон', 20),
(288, '2018-06-06', 15, 0, 'интернет-талон', 20),
(289, '2018-06-06', 15, 10, 'интернет-талон', 20),
(290, '2018-06-06', 15, 20, 'интернет-талон', 20),
(291, '2018-06-06', 15, 30, 'интернет-талон', 20),
(292, '2018-06-06', 15, 40, 'интернет-талон', 20),
(293, '2018-06-06', 15, 50, 'интернет-талон', 20),
(294, '2018-06-06', 8, 0, 'интернет-талон', 22),
(295, '2018-06-06', 8, 10, 'интернет-талон', 22),
(296, '2018-06-06', 8, 20, 'интернет-талон', 22),
(297, '2018-06-06', 8, 30, 'интернет-талон', 22),
(298, '2018-06-06', 8, 40, 'интернет-талон', 22),
(299, '2018-06-06', 8, 50, 'интернет-талон', 22),
(300, '2018-06-06', 9, 0, 'интернет-талон', 22),
(301, '2018-06-06', 9, 10, 'интернет-талон', 22),
(302, '2018-06-06', 9, 20, 'интернет-талон', 22),
(303, '2018-06-06', 9, 30, 'интернет-талон', 22),
(304, '2018-06-06', 9, 40, 'интернет-талон', 22),
(305, '2018-06-06', 9, 50, 'интернет-талон', 22),
(306, '2018-06-06', 10, 0, 'интернет-талон', 22),
(307, '2018-06-06', 10, 10, 'интернет-талон', 22),
(308, '2018-06-06', 10, 20, 'интернет-талон', 22),
(309, '2018-06-06', 10, 30, 'интернет-талон', 22),
(310, '2018-06-06', 10, 40, 'интернет-талон', 22),
(311, '2018-06-06', 10, 50, 'интернет-талон', 22),
(312, '2018-06-06', 11, 0, 'интернет-талон', 22),
(313, '2018-06-06', 11, 10, 'интернет-талон', 22),
(314, '2018-06-06', 11, 20, 'интернет-талон', 22),
(315, '2018-06-06', 11, 30, 'интернет-талон', 22),
(316, '2018-06-06', 11, 40, 'интернет-талон', 22),
(317, '2018-06-06', 11, 50, 'интернет-талон', 22),
(318, '2018-06-06', 12, 0, 'интернет-талон', 22),
(319, '2018-06-06', 12, 10, 'интернет-талон', 22),
(320, '2018-06-06', 12, 20, 'интернет-талон', 22),
(321, '2018-06-06', 12, 30, 'интернет-талон', 22),
(322, '2018-06-06', 12, 40, 'интернет-талон', 22),
(323, '2018-06-06', 12, 50, 'интернет-талон', 22),
(324, '2018-06-06', 13, 0, 'интернет-талон', 22),
(325, '2018-06-06', 13, 10, 'интернет-талон', 22),
(326, '2018-06-06', 13, 20, 'интернет-талон', 22),
(327, '2018-06-06', 13, 30, 'интернет-талон', 22),
(328, '2018-06-06', 13, 40, 'интернет-талон', 22),
(329, '2018-06-06', 13, 50, 'интернет-талон', 22),
(330, '2018-06-06', 14, 0, 'интернет-талон', 22),
(331, '2018-06-06', 14, 10, 'интернет-талон', 22),
(332, '2018-06-06', 14, 20, 'интернет-талон', 22),
(333, '2018-06-06', 14, 30, 'интернет-талон', 22),
(334, '2018-06-06', 14, 40, 'интернет-талон', 22),
(335, '2018-06-06', 14, 50, 'интернет-талон', 22),
(336, '2018-06-06', 15, 0, 'интернет-талон', 22),
(337, '2018-06-06', 15, 10, 'интернет-талон', 22),
(338, '2018-06-06', 15, 20, 'интернет-талон', 22),
(339, '2018-06-06', 15, 30, 'интернет-талон', 22),
(340, '2018-06-06', 15, 40, 'интернет-талон', 22),
(341, '2018-06-06', 15, 50, 'интернет-талон', 22),
(342, '2018-06-06', 8, 0, 'интернет-талон', 23),
(343, '2018-06-06', 8, 10, 'интернет-талон', 23),
(344, '2018-06-06', 8, 20, 'интернет-талон', 23),
(345, '2018-06-06', 8, 30, 'интернет-талон', 23),
(346, '2018-06-06', 8, 40, 'интернет-талон', 23),
(347, '2018-06-06', 8, 50, 'интернет-талон', 23),
(348, '2018-06-06', 9, 0, 'интернет-талон', 23),
(349, '2018-06-06', 9, 10, 'интернет-талон', 23),
(350, '2018-06-06', 9, 20, 'интернет-талон', 23),
(351, '2018-06-06', 9, 30, 'интернет-талон', 23),
(352, '2018-06-06', 9, 40, 'интернет-талон', 23),
(353, '2018-06-06', 9, 50, 'интернет-талон', 23),
(354, '2018-06-06', 10, 0, 'интернет-талон', 23),
(355, '2018-06-06', 10, 10, 'интернет-талон', 23),
(356, '2018-06-06', 10, 20, 'интернет-талон', 23),
(357, '2018-06-06', 10, 30, 'интернет-талон', 23),
(358, '2018-06-06', 10, 40, 'интернет-талон', 23),
(359, '2018-06-06', 10, 50, 'интернет-талон', 23),
(360, '2018-06-06', 11, 0, 'интернет-талон', 23),
(361, '2018-06-06', 11, 10, 'интернет-талон', 23),
(362, '2018-06-06', 11, 20, 'интернет-талон', 23),
(363, '2018-06-06', 11, 30, 'интернет-талон', 23),
(364, '2018-06-06', 11, 40, 'интернет-талон', 23),
(365, '2018-06-06', 11, 50, 'интернет-талон', 23),
(366, '2018-06-06', 12, 0, 'интернет-талон', 23),
(367, '2018-06-06', 12, 10, 'интернет-талон', 23),
(368, '2018-06-06', 12, 20, 'интернет-талон', 23),
(369, '2018-06-06', 12, 30, 'интернет-талон', 23),
(370, '2018-06-06', 12, 40, 'интернет-талон', 23),
(371, '2018-06-06', 12, 50, 'интернет-талон', 23),
(372, '2018-06-06', 13, 0, 'интернет-талон', 23),
(373, '2018-06-06', 13, 10, 'интернет-талон', 23),
(374, '2018-06-06', 13, 20, 'интернет-талон', 23),
(375, '2018-06-06', 13, 30, 'интернет-талон', 23),
(376, '2018-06-06', 13, 40, 'интернет-талон', 23),
(377, '2018-06-06', 13, 50, 'интернет-талон', 23),
(378, '2018-06-06', 14, 0, 'интернет-талон', 23),
(379, '2018-06-06', 14, 10, 'интернет-талон', 23),
(380, '2018-06-06', 14, 20, 'интернет-талон', 23),
(381, '2018-06-06', 14, 30, 'интернет-талон', 23),
(382, '2018-06-06', 14, 40, 'интернет-талон', 23),
(383, '2018-06-06', 14, 50, 'интернет-талон', 23),
(384, '2018-06-06', 15, 0, 'интернет-талон', 23),
(385, '2018-06-06', 15, 10, 'интернет-талон', 23),
(386, '2018-06-06', 15, 20, 'интернет-талон', 23),
(387, '2018-06-06', 15, 30, 'интернет-талон', 23),
(388, '2018-06-06', 15, 40, 'интернет-талон', 23),
(389, '2018-06-06', 15, 50, 'интернет-талон', 23),
(390, '2018-06-06', 8, 0, 'интернет-талон', 24),
(391, '2018-06-06', 8, 10, 'интернет-талон', 24),
(392, '2018-06-06', 8, 20, 'интернет-талон', 24),
(393, '2018-06-06', 8, 30, 'интернет-талон', 24),
(394, '2018-06-06', 8, 40, 'интернет-талон', 24),
(395, '2018-06-06', 8, 50, 'интернет-талон', 24),
(396, '2018-06-06', 9, 0, 'интернет-талон', 24),
(397, '2018-06-06', 9, 10, 'интернет-талон', 24),
(398, '2018-06-06', 9, 20, 'интернет-талон', 24),
(399, '2018-06-06', 9, 30, 'интернет-талон', 24),
(400, '2018-06-06', 9, 40, 'интернет-талон', 24),
(401, '2018-06-06', 9, 50, 'интернет-талон', 24),
(402, '2018-06-06', 10, 0, 'интернет-талон', 24),
(403, '2018-06-06', 10, 10, 'интернет-талон', 24),
(404, '2018-06-06', 10, 20, 'интернет-талон', 24),
(405, '2018-06-06', 10, 30, 'интернет-талон', 24),
(406, '2018-06-06', 10, 40, 'интернет-талон', 24),
(407, '2018-06-06', 10, 50, 'интернет-талон', 24),
(408, '2018-06-06', 11, 0, 'интернет-талон', 24),
(409, '2018-06-06', 11, 10, 'интернет-талон', 24),
(410, '2018-06-06', 11, 20, 'интернет-талон', 24),
(411, '2018-06-06', 11, 30, 'интернет-талон', 24),
(412, '2018-06-06', 11, 40, 'интернет-талон', 24),
(413, '2018-06-06', 11, 50, 'интернет-талон', 24),
(414, '2018-06-06', 12, 0, 'интернет-талон', 24),
(415, '2018-06-06', 12, 10, 'интернет-талон', 24),
(416, '2018-06-06', 12, 20, 'интернет-талон', 24),
(417, '2018-06-06', 12, 30, 'интернет-талон', 24),
(418, '2018-06-06', 12, 40, 'интернет-талон', 24),
(419, '2018-06-06', 12, 50, 'интернет-талон', 24),
(420, '2018-06-06', 13, 0, 'интернет-талон', 24),
(421, '2018-06-06', 13, 10, 'интернет-талон', 24),
(422, '2018-06-06', 13, 20, 'интернет-талон', 24),
(423, '2018-06-06', 13, 30, 'интернет-талон', 24),
(424, '2018-06-06', 13, 40, 'интернет-талон', 24),
(425, '2018-06-06', 13, 50, 'интернет-талон', 24),
(426, '2018-06-06', 14, 0, 'интернет-талон', 24),
(427, '2018-06-06', 14, 10, 'интернет-талон', 24),
(428, '2018-06-06', 14, 20, 'интернет-талон', 24),
(429, '2018-06-06', 14, 30, 'интернет-талон', 24),
(430, '2018-06-06', 14, 40, 'интернет-талон', 24),
(431, '2018-06-06', 14, 50, 'интернет-талон', 24),
(432, '2018-06-06', 15, 0, 'интернет-талон', 24),
(433, '2018-06-06', 15, 10, 'интернет-талон', 24),
(434, '2018-06-06', 15, 20, 'интернет-талон', 24),
(435, '2018-06-06', 15, 30, 'интернет-талон', 24),
(436, '2018-06-06', 15, 40, 'интернет-талон', 24),
(437, '2018-06-06', 15, 50, 'интернет-талон', 24),
(438, '2018-06-06', 8, 0, 'интернет-талон', 25),
(439, '2018-06-06', 8, 10, 'интернет-талон', 25),
(440, '2018-06-06', 8, 20, 'интернет-талон', 25),
(441, '2018-06-06', 8, 30, 'интернет-талон', 25),
(442, '2018-06-06', 8, 40, 'интернет-талон', 25),
(443, '2018-06-06', 8, 50, 'интернет-талон', 25),
(444, '2018-06-06', 9, 0, 'интернет-талон', 25),
(445, '2018-06-06', 9, 10, 'интернет-талон', 25),
(446, '2018-06-06', 9, 20, 'интернет-талон', 25),
(447, '2018-06-06', 9, 30, 'интернет-талон', 25),
(448, '2018-06-06', 9, 40, 'интернет-талон', 25),
(449, '2018-06-06', 9, 50, 'интернет-талон', 25),
(450, '2018-06-06', 10, 0, 'интернет-талон', 25),
(451, '2018-06-06', 10, 10, 'интернет-талон', 25),
(452, '2018-06-06', 10, 20, 'интернет-талон', 25),
(453, '2018-06-06', 10, 30, 'интернет-талон', 25),
(454, '2018-06-06', 10, 40, 'интернет-талон', 25),
(455, '2018-06-06', 10, 50, 'интернет-талон', 25),
(456, '2018-06-06', 11, 0, 'интернет-талон', 25),
(457, '2018-06-06', 11, 10, 'интернет-талон', 25),
(458, '2018-06-06', 11, 20, 'интернет-талон', 25),
(459, '2018-06-06', 11, 30, 'интернет-талон', 25),
(460, '2018-06-06', 11, 40, 'интернет-талон', 25),
(461, '2018-06-06', 11, 50, 'интернет-талон', 25),
(462, '2018-06-06', 12, 0, 'интернет-талон', 25),
(463, '2018-06-06', 12, 10, 'интернет-талон', 25),
(464, '2018-06-06', 12, 20, 'интернет-талон', 25),
(465, '2018-06-06', 12, 30, 'интернет-талон', 25),
(466, '2018-06-06', 12, 40, 'интернет-талон', 25),
(467, '2018-06-06', 12, 50, 'интернет-талон', 25),
(468, '2018-06-06', 13, 0, 'интернет-талон', 25),
(469, '2018-06-06', 13, 10, 'интернет-талон', 25),
(470, '2018-06-06', 13, 20, 'интернет-талон', 25),
(471, '2018-06-06', 13, 30, 'интернет-талон', 25),
(472, '2018-06-06', 13, 40, 'интернет-талон', 25),
(473, '2018-06-06', 13, 50, 'интернет-талон', 25),
(474, '2018-06-06', 14, 0, 'интернет-талон', 25),
(475, '2018-06-06', 14, 10, 'интернет-талон', 25),
(476, '2018-06-06', 14, 20, 'интернет-талон', 25),
(477, '2018-06-06', 14, 30, 'интернет-талон', 25),
(478, '2018-06-06', 14, 40, 'интернет-талон', 25),
(479, '2018-06-06', 14, 50, 'интернет-талон', 25),
(480, '2018-06-06', 15, 0, 'интернет-талон', 25),
(481, '2018-06-06', 15, 10, 'интернет-талон', 25),
(482, '2018-06-06', 15, 20, 'интернет-талон', 25),
(483, '2018-06-06', 15, 30, 'интернет-талон', 25),
(484, '2018-06-06', 15, 40, 'интернет-талон', 25),
(485, '2018-06-06', 15, 50, 'интернет-талон', 25),
(486, '2018-06-06', 8, 0, 'интернет-талон', 26),
(487, '2018-06-06', 8, 10, 'интернет-талон', 26),
(488, '2018-06-06', 8, 20, 'интернет-талон', 26),
(489, '2018-06-06', 8, 30, 'интернет-талон', 26),
(490, '2018-06-06', 8, 40, 'интернет-талон', 26),
(491, '2018-06-06', 8, 50, 'интернет-талон', 26),
(492, '2018-06-06', 9, 0, 'интернет-талон', 26),
(493, '2018-06-06', 9, 10, 'интернет-талон', 26),
(494, '2018-06-06', 9, 20, 'интернет-талон', 26),
(495, '2018-06-06', 9, 30, 'интернет-талон', 26),
(496, '2018-06-06', 9, 40, 'интернет-талон', 26),
(497, '2018-06-06', 9, 50, 'интернет-талон', 26),
(498, '2018-06-06', 10, 0, 'интернет-талон', 26),
(499, '2018-06-06', 10, 10, 'интернет-талон', 26),
(500, '2018-06-06', 10, 20, 'интернет-талон', 26),
(501, '2018-06-06', 10, 30, 'интернет-талон', 26),
(502, '2018-06-06', 10, 40, 'интернет-талон', 26),
(503, '2018-06-06', 10, 50, 'интернет-талон', 26),
(504, '2018-06-06', 11, 0, 'интернет-талон', 26),
(505, '2018-06-06', 11, 10, 'интернет-талон', 26),
(506, '2018-06-06', 11, 20, 'интернет-талон', 26),
(507, '2018-06-06', 11, 30, 'интернет-талон', 26),
(508, '2018-06-06', 11, 40, 'интернет-талон', 26),
(509, '2018-06-06', 11, 50, 'интернет-талон', 26),
(510, '2018-06-06', 12, 0, 'интернет-талон', 26),
(511, '2018-06-06', 12, 10, 'интернет-талон', 26),
(512, '2018-06-06', 12, 20, 'интернет-талон', 26),
(513, '2018-06-06', 12, 30, 'интернет-талон', 26),
(514, '2018-06-06', 12, 40, 'интернет-талон', 26),
(515, '2018-06-06', 12, 50, 'интернет-талон', 26),
(516, '2018-06-06', 13, 0, 'интернет-талон', 26),
(517, '2018-06-06', 13, 10, 'интернет-талон', 26),
(518, '2018-06-06', 13, 20, 'интернет-талон', 26),
(519, '2018-06-06', 13, 30, 'интернет-талон', 26),
(520, '2018-06-06', 13, 40, 'интернет-талон', 26),
(521, '2018-06-06', 13, 50, 'интернет-талон', 26),
(522, '2018-06-06', 14, 0, 'интернет-талон', 26),
(523, '2018-06-06', 14, 10, 'интернет-талон', 26),
(524, '2018-06-06', 14, 20, 'интернет-талон', 26),
(525, '2018-06-06', 14, 30, 'интернет-талон', 26),
(526, '2018-06-06', 14, 40, 'интернет-талон', 26),
(527, '2018-06-06', 14, 50, 'интернет-талон', 26),
(528, '2018-06-06', 15, 0, 'интернет-талон', 26),
(529, '2018-06-06', 15, 10, 'интернет-талон', 26),
(530, '2018-06-06', 15, 20, 'интернет-талон', 26),
(531, '2018-06-06', 15, 30, 'интернет-талон', 26),
(532, '2018-06-06', 15, 40, 'интернет-талон', 26),
(533, '2018-06-06', 15, 50, 'интернет-талон', 26),
(534, '2018-06-06', 8, 0, 'интернет-талон', 27),
(535, '2018-06-06', 8, 10, 'интернет-талон', 27),
(536, '2018-06-06', 8, 20, 'интернет-талон', 27),
(537, '2018-06-06', 8, 30, 'интернет-талон', 27),
(538, '2018-06-06', 8, 40, 'интернет-талон', 27),
(539, '2018-06-06', 8, 50, 'интернет-талон', 27),
(540, '2018-06-06', 9, 0, 'интернет-талон', 27),
(541, '2018-06-06', 9, 10, 'интернет-талон', 27),
(542, '2018-06-06', 9, 20, 'интернет-талон', 27),
(543, '2018-06-06', 9, 30, 'интернет-талон', 27),
(544, '2018-06-06', 9, 40, 'интернет-талон', 27),
(545, '2018-06-06', 9, 50, 'интернет-талон', 27),
(546, '2018-06-06', 10, 0, 'интернет-талон', 27),
(547, '2018-06-06', 10, 10, 'интернет-талон', 27),
(548, '2018-06-06', 10, 20, 'интернет-талон', 27),
(549, '2018-06-06', 10, 30, 'интернет-талон', 27),
(550, '2018-06-06', 10, 40, 'интернет-талон', 27),
(551, '2018-06-06', 10, 50, 'интернет-талон', 27),
(552, '2018-06-06', 11, 0, 'интернет-талон', 27),
(553, '2018-06-06', 11, 10, 'интернет-талон', 27),
(554, '2018-06-06', 11, 20, 'интернет-талон', 27),
(555, '2018-06-06', 11, 30, 'интернет-талон', 27),
(556, '2018-06-06', 11, 40, 'интернет-талон', 27),
(557, '2018-06-06', 11, 50, 'интернет-талон', 27),
(558, '2018-06-06', 12, 0, 'интернет-талон', 27),
(559, '2018-06-06', 12, 10, 'интернет-талон', 27),
(560, '2018-06-06', 12, 20, 'интернет-талон', 27),
(561, '2018-06-06', 12, 30, 'интернет-талон', 27),
(562, '2018-06-06', 12, 40, 'интернет-талон', 27),
(563, '2018-06-06', 12, 50, 'интернет-талон', 27),
(564, '2018-06-06', 13, 0, 'интернет-талон', 27),
(565, '2018-06-06', 13, 10, 'интернет-талон', 27),
(566, '2018-06-06', 13, 20, 'интернет-талон', 27),
(567, '2018-06-06', 13, 30, 'интернет-талон', 27),
(568, '2018-06-06', 13, 40, 'интернет-талон', 27),
(569, '2018-06-06', 13, 50, 'интернет-талон', 27),
(570, '2018-06-06', 14, 0, 'интернет-талон', 27),
(571, '2018-06-06', 14, 10, 'интернет-талон', 27),
(572, '2018-06-06', 14, 20, 'интернет-талон', 27),
(573, '2018-06-06', 14, 30, 'интернет-талон', 27),
(574, '2018-06-06', 14, 40, 'интернет-талон', 27),
(575, '2018-06-06', 14, 50, 'интернет-талон', 27),
(576, '2018-06-06', 15, 0, 'интернет-талон', 27),
(577, '2018-06-06', 15, 10, 'интернет-талон', 27),
(578, '2018-06-06', 15, 20, 'интернет-талон', 27),
(579, '2018-06-06', 15, 30, 'интернет-талон', 27),
(580, '2018-06-06', 15, 40, 'интернет-талон', 27),
(581, '2018-06-06', 15, 50, 'интернет-талон', 27),
(582, '2018-06-06', 8, 0, 'интернет-талон', 28),
(583, '2018-06-06', 8, 10, 'интернет-талон', 28),
(584, '2018-06-06', 8, 20, 'интернет-талон', 28),
(585, '2018-06-06', 8, 30, 'интернет-талон', 28),
(586, '2018-06-06', 8, 40, 'интернет-талон', 28),
(587, '2018-06-06', 8, 50, 'интернет-талон', 28),
(588, '2018-06-06', 9, 0, 'интернет-талон', 28),
(589, '2018-06-06', 9, 10, 'интернет-талон', 28),
(590, '2018-06-06', 9, 20, 'интернет-талон', 28),
(591, '2018-06-06', 9, 30, 'интернет-талон', 28),
(592, '2018-06-06', 9, 40, 'интернет-талон', 28),
(593, '2018-06-06', 9, 50, 'интернет-талон', 28),
(594, '2018-06-06', 10, 0, 'интернет-талон', 28),
(595, '2018-06-06', 10, 10, 'интернет-талон', 28),
(596, '2018-06-06', 10, 20, 'интернет-талон', 28),
(597, '2018-06-06', 10, 30, 'интернет-талон', 28),
(598, '2018-06-06', 10, 40, 'интернет-талон', 28),
(599, '2018-06-06', 10, 50, 'интернет-талон', 28),
(600, '2018-06-06', 11, 0, 'интернет-талон', 28),
(601, '2018-06-06', 11, 10, 'интернет-талон', 28),
(602, '2018-06-06', 11, 20, 'интернет-талон', 28),
(603, '2018-06-06', 11, 30, 'интернет-талон', 28),
(604, '2018-06-06', 11, 40, 'интернет-талон', 28),
(605, '2018-06-06', 11, 50, 'интернет-талон', 28),
(606, '2018-06-06', 12, 0, 'интернет-талон', 28),
(607, '2018-06-06', 12, 10, 'интернет-талон', 28),
(608, '2018-06-06', 12, 20, 'интернет-талон', 28),
(609, '2018-06-06', 12, 30, 'интернет-талон', 28),
(610, '2018-06-06', 12, 40, 'интернет-талон', 28),
(611, '2018-06-06', 12, 50, 'интернет-талон', 28),
(612, '2018-06-06', 13, 0, 'интернет-талон', 28),
(613, '2018-06-06', 13, 10, 'интернет-талон', 28),
(614, '2018-06-06', 13, 20, 'интернет-талон', 28),
(615, '2018-06-06', 13, 30, 'интернет-талон', 28),
(616, '2018-06-06', 13, 40, 'интернет-талон', 28),
(617, '2018-06-06', 13, 50, 'интернет-талон', 28),
(618, '2018-06-06', 14, 0, 'интернет-талон', 28),
(619, '2018-06-06', 14, 10, 'интернет-талон', 28),
(620, '2018-06-06', 14, 20, 'интернет-талон', 28),
(621, '2018-06-06', 14, 30, 'интернет-талон', 28),
(622, '2018-06-06', 14, 40, 'интернет-талон', 28),
(623, '2018-06-06', 14, 50, 'интернет-талон', 28),
(624, '2018-06-06', 15, 0, 'интернет-талон', 28),
(625, '2018-06-06', 15, 10, 'интернет-талон', 28),
(626, '2018-06-06', 15, 20, 'интернет-талон', 28),
(627, '2018-06-06', 15, 30, 'интернет-талон', 28),
(628, '2018-06-06', 15, 40, 'интернет-талон', 28),
(629, '2018-06-06', 15, 50, 'интернет-талон', 28),
(630, '2018-06-06', 8, 0, 'интернет-талон', 29),
(631, '2018-06-06', 8, 10, 'интернет-талон', 29),
(632, '2018-06-06', 8, 20, 'интернет-талон', 29),
(633, '2018-06-06', 8, 30, 'интернет-талон', 29),
(634, '2018-06-06', 8, 40, 'интернет-талон', 29),
(635, '2018-06-06', 8, 50, 'интернет-талон', 29),
(636, '2018-06-06', 9, 0, 'интернет-талон', 29),
(637, '2018-06-06', 9, 10, 'интернет-талон', 29),
(638, '2018-06-06', 9, 20, 'интернет-талон', 29),
(639, '2018-06-06', 9, 30, 'интернет-талон', 29),
(640, '2018-06-06', 9, 40, 'интернет-талон', 29),
(641, '2018-06-06', 9, 50, 'интернет-талон', 29),
(642, '2018-06-06', 10, 0, 'интернет-талон', 29),
(643, '2018-06-06', 10, 10, 'интернет-талон', 29),
(644, '2018-06-06', 10, 20, 'интернет-талон', 29),
(645, '2018-06-06', 10, 30, 'интернет-талон', 29),
(646, '2018-06-06', 10, 40, 'интернет-талон', 29),
(647, '2018-06-06', 10, 50, 'интернет-талон', 29),
(648, '2018-06-06', 11, 0, 'интернет-талон', 29),
(649, '2018-06-06', 11, 10, 'интернет-талон', 29),
(650, '2018-06-06', 11, 20, 'интернет-талон', 29),
(651, '2018-06-06', 11, 30, 'интернет-талон', 29),
(652, '2018-06-06', 11, 40, 'интернет-талон', 29),
(653, '2018-06-06', 11, 50, 'интернет-талон', 29),
(654, '2018-06-06', 12, 0, 'интернет-талон', 29),
(655, '2018-06-06', 12, 10, 'интернет-талон', 29),
(656, '2018-06-06', 12, 20, 'интернет-талон', 29),
(657, '2018-06-06', 12, 30, 'интернет-талон', 29),
(658, '2018-06-06', 12, 40, 'интернет-талон', 29),
(659, '2018-06-06', 12, 50, 'интернет-талон', 29),
(660, '2018-06-06', 13, 0, 'интернет-талон', 29),
(661, '2018-06-06', 13, 10, 'интернет-талон', 29),
(662, '2018-06-06', 13, 20, 'интернет-талон', 29),
(663, '2018-06-06', 13, 30, 'интернет-талон', 29),
(664, '2018-06-06', 13, 40, 'интернет-талон', 29),
(665, '2018-06-06', 13, 50, 'интернет-талон', 29),
(666, '2018-06-06', 14, 0, 'интернет-талон', 29),
(667, '2018-06-06', 14, 10, 'интернет-талон', 29),
(668, '2018-06-06', 14, 20, 'интернет-талон', 29),
(669, '2018-06-06', 14, 30, 'интернет-талон', 29),
(670, '2018-06-06', 14, 40, 'интернет-талон', 29),
(671, '2018-06-06', 14, 50, 'интернет-талон', 29),
(672, '2018-06-06', 15, 0, 'интернет-талон', 29),
(673, '2018-06-06', 15, 10, 'интернет-талон', 29),
(674, '2018-06-06', 15, 20, 'интернет-талон', 29),
(675, '2018-06-06', 15, 30, 'интернет-талон', 29),
(676, '2018-06-06', 15, 40, 'интернет-талон', 29),
(677, '2018-06-06', 15, 50, 'интернет-талон', 29),
(678, '2018-06-06', 8, 0, 'интернет-талон', 30),
(679, '2018-06-06', 8, 10, 'интернет-талон', 30),
(680, '2018-06-06', 8, 20, 'интернет-талон', 30),
(681, '2018-06-06', 8, 30, 'интернет-талон', 30),
(682, '2018-06-06', 8, 40, 'интернет-талон', 30),
(683, '2018-06-06', 8, 50, 'интернет-талон', 30),
(684, '2018-06-06', 9, 0, 'интернет-талон', 30),
(685, '2018-06-06', 9, 10, 'интернет-талон', 30),
(686, '2018-06-06', 9, 20, 'интернет-талон', 30),
(687, '2018-06-06', 9, 30, 'интернет-талон', 30),
(688, '2018-06-06', 9, 40, 'интернет-талон', 30),
(689, '2018-06-06', 9, 50, 'интернет-талон', 30),
(690, '2018-06-06', 10, 0, 'интернет-талон', 30),
(691, '2018-06-06', 10, 10, 'интернет-талон', 30),
(692, '2018-06-06', 10, 20, 'интернет-талон', 30),
(693, '2018-06-06', 10, 30, 'интернет-талон', 30),
(694, '2018-06-06', 10, 40, 'интернет-талон', 30),
(695, '2018-06-06', 10, 50, 'интернет-талон', 30),
(696, '2018-06-06', 11, 0, 'интернет-талон', 30),
(697, '2018-06-06', 11, 10, 'интернет-талон', 30),
(698, '2018-06-06', 11, 20, 'интернет-талон', 30),
(699, '2018-06-06', 11, 30, 'интернет-талон', 30),
(700, '2018-06-06', 11, 40, 'интернет-талон', 30),
(701, '2018-06-06', 11, 50, 'интернет-талон', 30),
(702, '2018-06-06', 12, 0, 'интернет-талон', 30),
(703, '2018-06-06', 12, 10, 'интернет-талон', 30),
(704, '2018-06-06', 12, 20, 'интернет-талон', 30),
(705, '2018-06-06', 12, 30, 'интернет-талон', 30),
(706, '2018-06-06', 12, 40, 'интернет-талон', 30),
(707, '2018-06-06', 12, 50, 'интернет-талон', 30),
(708, '2018-06-06', 13, 0, 'интернет-талон', 30),
(709, '2018-06-06', 13, 10, 'интернет-талон', 30),
(710, '2018-06-06', 13, 20, 'интернет-талон', 30),
(711, '2018-06-06', 13, 30, 'интернет-талон', 30),
(712, '2018-06-06', 13, 40, 'интернет-талон', 30),
(713, '2018-06-06', 13, 50, 'интернет-талон', 30),
(714, '2018-06-06', 14, 0, 'интернет-талон', 30),
(715, '2018-06-06', 14, 10, 'интернет-талон', 30),
(716, '2018-06-06', 14, 20, 'интернет-талон', 30),
(717, '2018-06-06', 14, 30, 'интернет-талон', 30),
(718, '2018-06-06', 14, 40, 'интернет-талон', 30),
(719, '2018-06-06', 14, 50, 'интернет-талон', 30),
(720, '2018-06-06', 15, 0, 'интернет-талон', 30),
(721, '2018-06-06', 15, 10, 'интернет-талон', 30),
(722, '2018-06-06', 15, 20, 'интернет-талон', 30),
(723, '2018-06-06', 15, 30, 'интернет-талон', 30),
(724, '2018-06-06', 15, 40, 'интернет-талон', 30),
(725, '2018-06-06', 15, 50, 'интернет-талон', 30),
(726, '1990-11-21', 9, 20, 'запись по телефону', 22),
(727, '2005-08-17', 8, 10, 'запись по телефону', 15),
(728, '2010-12-17', 11, 30, 'интернет-талон', 15),
(729, '1999-05-13', 9, 30, 'запись по телефону', 16),
(730, '2002-09-20', 16, 40, 'запись по телефону', 16),
(731, '2003-11-12', 15, 40, 'запись по телефону', 16),
(732, '2007-10-16', 14, 50, 'интернет-талон', 16),
(733, '2004-03-29', 14, 20, 'интернет-талон', 22),
(734, '2011-11-21', 11, 40, 'интернет-талон', 26),
(735, '2007-10-16', 15, 0, 'запись по телефону', 16),
(736, '2007-10-16', 16, 30, 'интернет-талон', 16),
(791, '2018-06-06', 14, 20, 'Интернет-запись', 16),
(792, '2018-06-07', 15, 0, 'Интернет-запись', 16),
(793, '2018-06-06', 14, 10, 'Интернет-запись', 16),
(794, '2018-06-06', 14, 30, 'Интернет-запись', 16),
(795, '2018-06-07', 14, 30, 'Интернет-запись', 16),
(796, '2018-06-07', 14, 0, 'Интернет-запись', 16),
(797, '2018-06-07', 14, 0, 'Интернет-запись', 16),
(798, '2018-06-07', 15, 0, 'Интернет-запись', 16),
(799, '2018-06-07', 15, 0, 'Интернет-запись', 16),
(800, '2018-06-07', 15, 0, 'Интернет-запись', 16),
(801, '2018-06-07', 14, 50, 'Интернет-запись', 16),
(802, '2018-06-07', 15, 0, 'Интернет-запись', 16),
(803, '2018-06-07', 14, 50, 'Интернет-запись', 16),
(804, '2018-06-07', 15, 0, 'Интернет-запись', 16),
(805, '2018-06-07', 15, 0, 'Интернет-запись', 16),
(806, '2018-06-06', 15, 0, 'Интернет-запись', 16),
(807, '2018-06-07', 15, 0, 'Интернет-запись', 16),
(808, '2018-06-07', 14, 20, 'Интернет-запись', 16),
(809, '2018-06-06', 15, 0, 'Интернет-запись', 16),
(810, '2018-06-06', 14, 0, 'Интернет-запись', 16),
(811, '2018-06-06', 14, 10, 'Интернет-запись', 16),
(812, '2018-06-06', 14, 10, 'Интернет-запись', 16),
(813, '2018-06-06', 14, 20, 'Интернет-запись', 16),
(814, '2018-06-06', 14, 0, 'Интернет-запись', 16),
(815, '2018-06-06', 14, 0, 'Интернет-запись', 16),
(816, '2018-06-06', 14, 10, 'Интернет-запись', 16),
(817, '2018-06-06', 14, 10, 'Интернет-запись', 16),
(818, '2018-06-06', 14, 20, 'Интернет-запись', 16),
(819, '2018-06-06', 14, 0, 'Интернет-запись', 16),
(820, '2018-06-06', 14, 10, 'Интернет-запись', 16),
(821, '2018-06-06', 14, 20, 'Интернет-запись', 16),
(822, '2018-06-06', 14, 20, 'Интернет-запись', 16),
(823, '2018-06-06', 14, 30, 'Интернет-запись', 16),
(824, '2018-06-06', 14, 40, 'Интернет-запись', 16),
(825, '2018-06-06', 14, 50, 'Интернет-запись', 16),
(826, '2018-06-06', 15, 0, 'Интернет-запись', 16),
(827, '2018-06-06', 15, 0, 'Интернет-запись', 16),
(828, '2018-06-06', 15, 10, 'Интернет-запись', 16),
(829, '2018-06-06', 15, 20, 'Интернет-запись', 16),
(830, '2018-06-06', 15, 30, 'Интернет-запись', 16),
(831, '2018-06-06', 15, 30, 'Интернет-запись', 16),
(832, '2018-06-06', 14, 0, 'Интернет-запись', 16),
(833, '2018-06-06', 14, 10, 'Интернет-запись', 16),
(834, '2018-06-06', 14, 20, 'Интернет-запись', 16),
(835, '2018-06-07', 14, 0, 'Интернет-запись', 16),
(836, '2018-06-07', 14, 0, 'Интернет-запись', 16),
(837, '2018-06-06', 15, 0, 'Интернет-запись', 16),
(838, '2018-06-06', 15, 10, 'Интернет-запись', 16),
(839, '2018-06-07', 14, 10, 'Интернет-запись', 16),
(840, '2018-06-07', 14, 50, 'Интернет-запись', 16),
(841, '2018-06-07', 15, 20, 'Интернет-запись', 16),
(842, '2018-06-07', 14, 30, 'Интернет-запись', 16),
(843, '2018-06-11', 14, 20, 'Интернет-запись', 16),
(845, '2018-06-11', 14, 10, 'Интернет-запись', 16),
(846, '2018-06-12', 14, 0, 'Интернет-запись', 16),
(847, '2018-06-13', 14, 10, 'Интернет-запись', 16),
(848, '2018-06-13', 14, 20, 'Интернет-запись', 16),
(849, '2018-06-13', 14, 0, 'Интернет-запись', 16),
(850, '2018-06-13', 14, 20, 'Интернет-запись', 16),
(851, '2018-06-13', 14, 40, 'Интернет-запись', 16),
(852, '2018-06-13', 14, 0, 'Интернет-запись', 16),
(853, '2018-06-13', 14, 20, 'Интернет-запись', 16),
(854, '2018-06-13', 14, 20, 'Интернет-запись', 16),
(855, '2018-06-13', 14, 10, 'Интернет-запись', 16),
(856, '2018-06-13', 14, 20, 'Интернет-запись', 16),
(857, '2018-06-13', 14, 0, 'Интернет-запись', 16),
(858, '2018-06-13', 14, 20, 'Интернет-запись', 16),
(861, '2018-06-14', 14, 40, 'Интернет-запись', 16),
(862, '2018-06-14', 14, 30, 'Интернет-запись', 16),
(863, '2018-06-14', 14, 10, 'Интернет-запись', 16),
(864, '2018-06-14', 15, 10, 'Интернет-запись', 16),
(865, '2018-06-14', 15, 30, 'Интернет-запись', 16),
(866, '2018-06-14', 18, 0, 'Интернет-запись', 16),
(867, '2018-06-14', 17, 50, 'Интернет-запись', 16),
(868, '2018-06-14', 17, 40, 'Интернет-запись', 16),
(869, '2018-06-14', 17, 40, 'Интернет-запись', 16),
(872, '2018-07-04', 14, 0, 'Интернет-запись', 16),
(873, '2018-07-04', 14, 10, 'Интернет-запись', 16),
(874, '2018-07-04', 14, 20, 'Интернет-запись', 16),
(875, '2018-07-04', 14, 10, 'Интернет-запись', 16),
(876, '2018-07-04', 14, 20, 'Интернет-запись', 16);

-- --------------------------------------------------------

--
-- Структура таблицы `data_area`
--

CREATE TABLE `data_area` (
  `Id_data_area` int(11) NOT NULL,
  `House` int(11) DEFAULT NULL,
  `Housing` int(11) DEFAULT NULL,
  `Id_area` int(11) NOT NULL,
  `Id_street` int(11) NOT NULL
) ENGINE=InnoDB DEFAULT CHARSET=utf8;

--
-- Дамп данных таблицы `data_area`
--

INSERT INTO `data_area` (`Id_data_area`, `House`, `Housing`, `Id_area`, `Id_street`) VALUES
(1, 1, NULL, 2, 41),
(2, 1, NULL, 2, 42),
(3, 1, NULL, 2, 43),
(4, 1, 107, 2, 24),
(5, 1, NULL, 2, 27),
(6, 1, NULL, 2, 21),
(7, 1, NULL, 3, 1),
(8, 1, NULL, 3, 8),
(9, 1, NULL, 3, 9),
(10, 1, NULL, 3, 10),
(11, 1, NULL, 3, 18),
(12, 1, NULL, 3, 19),
(13, 1, NULL, 2, 42),
(14, 1, NULL, 2, 43),
(15, 1, 107, 2, 24),
(16, 1, NULL, 2, 27),
(17, 1, NULL, 2, 21),
(18, 1, NULL, 3, 1),
(19, 1, NULL, 3, 8),
(20, 1, NULL, 3, 9),
(21, 1, NULL, 3, 10),
(22, 1, NULL, 3, 18),
(23, 1, NULL, 3, 19),
(24, 1, NULL, 3, 30),
(25, 1, NULL, 4, 3),
(26, 1, 5, 4, 2),
(27, 1, NULL, 4, 37),
(28, 1, NULL, 4, 39),
(29, 1, NULL, 4, 38),
(30, 1, NULL, 4, 11),
(31, 1, NULL, 4, 40),
(32, 1, NULL, 4, 16),
(33, 1, NULL, 5, 12),
(34, 1, NULL, 5, 13),
(35, 1, 3, 5, 14),
(36, 1, NULL, 5, 5),
(37, 1, NULL, 5, 4),
(38, 1, NULL, 5, 15),
(39, 1, NULL, 5, 20),
(40, 1, NULL, 6, 23),
(41, 1, NULL, 6, 17),
(42, 1, NULL, 6, 36),
(43, 1, NULL, 6, 26),
(44, 1, NULL, 6, 28),
(45, 1, NULL, 6, 35),
(46, 1, NULL, 6, 25),
(47, 1, NULL, 7, 6),
(48, 1, NULL, 7, 7),
(49, 1, NULL, 7, 22),
(50, 1, NULL, 7, 29),
(51, 1, NULL, 7, 31),
(52, 1, NULL, 7, 32),
(53, 1, NULL, 7, 33),
(54, 1, NULL, 7, 34);

-- --------------------------------------------------------

--
-- Структура таблицы `date_work`
--

CREATE TABLE `date_work` (
  `Id_date_work` int(11) NOT NULL,
  `Work_with` date DEFAULT NULL,
  `Work_before` date DEFAULT NULL,
  `Id_area` int(11) DEFAULT NULL,
  `Id_MO` int(11) NOT NULL,
  `Id_doctor` int(11) NOT NULL
) ENGINE=InnoDB DEFAULT CHARSET=utf8;

--
-- Дамп данных таблицы `date_work`
--

INSERT INTO `date_work` (`Id_date_work`, `Work_with`, `Work_before`, `Id_area`, `Id_MO`, `Id_doctor`) VALUES
(13, '2010-10-12', NULL, 2, 10, 1),
(14, '1999-06-07', NULL, 3, 10, 6),
(15, '2016-11-27', NULL, 4, 10, 9),
(16, '2016-11-10', NULL, 5, 10, 12),
(17, '2003-09-03', NULL, 6, 10, 13),
(18, '2006-03-15', NULL, 7, 10, 15),
(20, '2004-10-12', NULL, NULL, 10, 2),
(21, '2017-05-05', NULL, NULL, 14, 2),
(22, '2009-03-15', NULL, NULL, 10, 5),
(23, '1998-10-13', NULL, NULL, 10, 7),
(24, '2000-05-17', NULL, NULL, 10, 8),
(25, '2002-08-04', NULL, NULL, 10, 10),
(26, '2006-07-07', NULL, NULL, 10, 11),
(27, '2017-10-15', NULL, NULL, 10, 14),
(28, '2005-12-05', NULL, NULL, 10, 16),
(29, '2017-07-29', NULL, NULL, 10, 17),
(30, '2016-04-22', NULL, NULL, 10, 18);

-- --------------------------------------------------------

--
-- Структура таблицы `diagnosis`
--

CREATE TABLE `diagnosis` (
  `Id_diagnosis` int(11) NOT NULL,
  `Code_diagnosis` varchar(20) NOT NULL,
  `Name` varchar(200) NOT NULL,
  `Additional_code` varchar(20) DEFAULT NULL,
  `Name_additional` varchar(200) DEFAULT NULL
) ENGINE=InnoDB DEFAULT CHARSET=utf8;

--
-- Дамп данных таблицы `diagnosis`
--

INSERT INTO `diagnosis` (`Id_diagnosis`, `Code_diagnosis`, `Name`, `Additional_code`, `Name_additional`) VALUES
(2, 'A00', 'Холера', '0', 'Холера,вызванная холерным вибрионом 01,биовар cholerae'),
(3, 'A00', 'Холера', '1', 'Холера,вызванная холерным вибрионом 01,биовар eltor'),
(4, 'A00', 'Холера', '9', 'Холера неуточненная'),
(5, 'A01', 'Тиф и паратиф', '0', 'Брюшной тиф'),
(6, 'A01', 'Тиф и паратиф', '1', 'Паратиф A'),
(7, 'A01', 'Тиф и паратиф', '2', 'Паратиф В'),
(8, 'A01', 'Тиф и паратиф', '3', 'Паратиф С'),
(9, 'A01', 'Тиф и паратиф', '5', 'Паратиф неуточненный'),
(10, 'A04', 'Другие бактериальные кишечные инфекции', '0', 'Энтеропатогенная инфекция,вызванная Escherichia coli'),
(11, 'A04', 'Другие бактериальные кишечные инфекции', '1', 'Энтеротоксигенная инфекция,вызванная Escherichia coli'),
(12, 'A04', 'Другие бактериальные кишечные инфекции', '2', 'Энтероинвазивная инфекция,вызванная Escherichia coli'),
(13, 'A04', 'Другие бактериальные кишечные инфекции', '3', 'Энтерогеморрагическая инфекция,вызванная Escherichia coli'),
(14, 'A04', 'Другие бактериальные кишечные инфекции', '4', 'Другие кишечные инфекции,вызванные Escherichia coli'),
(15, 'A04', 'Другие бактериальные кишечные инфекции', '5', 'Энтерит,вызванный Campylobacter'),
(16, 'A04', 'Другие бактериальные кишечные инфекции', '6', 'Энтерит,вызванный Yersinia enterocolitica'),
(17, 'A04', 'Другие бактериальные кишечные инфекции', '7', 'Энтероколит,вызванный Clostridium difficile'),
(18, 'A04', 'Другие бактериальные кишечные инфекции', '8', 'Другие уточненные бактериальные кишечные инфекции'),
(19, 'A04', 'Другие бактериальные кишечные инфекции', '9', 'Бактериальная кишечная инфекция неуточненная'),
(20, 'A05', 'Другие бактериальные пищевые отравления', '0', 'Стафилококковое пищевое отравление'),
(21, 'A05', 'Другие бактериальные пищевые отравления', '1', 'Ботулизм'),
(22, 'A05', 'Другие бактериальные пищевые отравления', '2', 'Пищевое отравление,вызванное Clostridium perfringens'),
(23, 'A05', 'Другие бактериальные пищевые отравления', '3', 'Пищевое отравление,вызванное Vibrio parahaemolyticus'),
(24, 'A05', 'Другие бактериальные пищевые отравления', '4', 'Пищевое отравление,вызванное Bacillus cereus'),
(25, 'A05', 'Другие бактериальные пищевые отравления', '8', 'Другие уточненные бактериальные пищевые отравления'),
(26, 'A05', 'Другие бактериальные пищевые отравления', '9', 'Бактериальное пищевое отравление неуточненное'),
(27, 'A06', 'Амебиаз', '0', 'Острая амебная дизентерия'),
(28, 'A06', 'Амебиаз', '1', 'Хронический кишечный амебиаз'),
(29, 'A06', 'Амебиаз', '2', 'Амебный недизентерийный колит'),
(30, 'A06', 'Амебиаз', '3', 'Амебома кишечника'),
(31, 'A06', 'Амебиаз', '4', 'Амебный абсцесс печени'),
(32, 'A06', 'Амебиаз', '5+', 'Амебный абсцесс легкого'),
(33, 'A06', 'Амебиаз', '6+', 'Амебный абсцесс головного мозга'),
(34, 'A06', 'Амебиаз', '7', 'Кожный амебиаз'),
(35, 'A06', 'Амебиаз', '8', 'Амебная инфекция другой локализации'),
(36, 'A06', 'Амебиаз', '9', 'Амебиаз неуточненный'),
(37, 'A15', 'Туберкулез органов дыхания,подтвержденный бактерио', '0', 'Туберкулез легких,подтвержденный бактериоскопически с наличием или отсутствием роста культуры'),
(38, 'A15', 'Туберкулез органов дыхания,подтвержденный бактерио', '1', 'Туберкулез легких,подтвержденный только ростом культуры'),
(39, 'A15', 'Туберкулез органов дыхания,подтвержденный бактерио', '2', 'Туберкулез легких,подтвержденный гистологически'),
(40, 'A15', 'Туберкулез органов дыхания,подтвержденный бактерио', '3', 'Туберкулез легких,подтвержденный неуточненными методами'),
(41, 'A15', 'Туберкулез органов дыхания,подтвержденный бактерио', '4', 'Туберкулез внутригрудных лимфатических узлов,подтвержденный бактериологически и гистологически'),
(42, 'A15', 'Туберкулез органов дыхания,подтвержденный бактерио', '5', 'Туберкулез гортани, трахеи и бронхов, подтвержденный бактериологически и гистологически'),
(43, 'A15', 'Туберкулез органов дыхания,подтвержденный бактерио', '6', ' Туберкулезный плеврит, подтвержденный бактериологически и гистологически'),
(44, 'A15', 'Туберкулез органов дыхания,подтвержденный бактерио', '7', 'Первичный туберкулез органов дыхания, подтвержденный бактериологически и гистологически'),
(45, 'A15', 'Туберкулез органов дыхания,подтвержденный бактерио', '8', ' Туберкулез других органов дыхания, подтвержденный бактериологически и гистологически'),
(46, 'A15', 'Туберкулез органов дыхания,подтвержденный бактерио', '9', 'Туберкулез органов дыхания неуточненной локализации, подтвержденный бактериологически и гистологически'),
(47, 'R18', 'Асцит', '', ''),
(48, 'K50', 'Болезнь Крона(регионарный энтерит)', '0', 'Болезнь Крона тонкой кишки'),
(49, 'K50', 'Болезнь Крона(регионарный энтерит)', '1', 'Болезнь Крона толстой кишки'),
(50, 'K50', 'Болезнь Крона(регионарный энтерит)', '8', 'Другие разновидности болезни Крона'),
(51, 'K50', 'Болезнь Крона(регионарный энтерит)', '9', 'Болезнь Крона неуточненная'),
(52, 'А09', 'Диарея и гастроэнтерит предположительно инфекционн', '', ''),
(53, 'B15', 'Острый гепатит А', '0', 'Гепатит А с печеночной комой'),
(54, 'B15', 'Острый гепатит А', '9', 'Гепатит А без печеночной комы'),
(55, 'B16', 'Острый гепатит В', '0', 'Острый гепатит B с дельта-агентом (коинфекция) и печеночной комой'),
(56, 'B16', 'Острый гепатит В', '1', 'Острый гепатит B с дельта-агентом (коинфекция) и печеночной комой'),
(57, 'B16', 'Острый гепатит В', '2', 'Острый гепатит B без дельта-агента с печеночной комой'),
(58, 'B16', 'Острый гепатит В', '9', 'Острый гепатит B без дельта-агента и без печеночной комы'),
(59, 'B17', 'Другие острые вирусные гепатиты', '0', 'Острая дельта(супер)-инфекция вирусоносителя гепатита B'),
(60, 'B17', 'Другие острые вирусные гепатиты', '1', 'Острый гепатит C'),
(61, 'B17', 'Другие острые вирусные гепатиты', '2', 'Острый гепатит E'),
(62, 'B17', 'Другие острые вирусные гепатиты', '8', 'Другие уточненные острые вирусные гепатиты'),
(63, 'K29', 'Гастрит и дуоденит', '0', 'Острый геморрагический гастрит'),
(64, 'K29', 'Гастрит и дуоденит', '1', 'Другие острые гастриты'),
(65, 'K29', 'Гастрит и дуоденит', '2', 'Алкогольный гастрит'),
(66, 'K29', 'Гастрит и дуоденит', '3', 'Хронический поверхностный гастрит'),
(67, 'K29', 'Гастрит и дуоденит', '4', 'Хронический атрофический гастрит'),
(68, 'K29', 'Гастрит и дуоденит', '5', 'Хронический гастрит неуточненный'),
(69, 'K29', 'Гастрит и дуоденит', '6', 'Другие гастриты'),
(70, 'K29', 'Гастрит и дуоденит', '7', 'Гастрит неуточненный'),
(71, 'K29', 'Гастрит и дуоденит', '8', 'Дуоденит'),
(72, 'K29', 'Гастрит и дуоденит', '9', 'Гастродуоденит неуточненный'),
(73, 'K25', 'Язва желудка', '0', 'Острая с кровотечением'),
(74, 'K25', 'Язва желудка', '1', 'Острая с прободением'),
(75, 'K25', 'Язва желудка', '2', 'Острая с кровотечением и прободением'),
(76, 'K25', 'Язва желудка', '3', 'Острая без кровотечения или прободения'),
(77, 'K25', 'Язва желудка', '4', 'Хроническая или неуточненная с кровотечением'),
(78, 'K25', 'Язва желудка', '5', 'Хроническая или неуточненная с прободением'),
(79, 'K25', 'Язва желудка', '6', 'Хроническая или неуточненная с кровотечением и прободением'),
(80, 'K25', 'Язва желудка', '7', 'Хроническая без кровотечения или прободения'),
(81, 'K25', 'Язва желудка', '9', ' Не уточненная как острая или хроническая без кровотечения или прободения'),
(82, 'K85', 'Острый панкреатит', '', ''),
(83, 'K86', 'Другие болезни поджелудочной железы', '0', 'Хронический панкреатит алкогольной этиологии'),
(84, 'K86', 'Другие болезни поджелудочной железы', '1', 'Другие хронические панкреатиты'),
(85, 'K86', 'Другие болезни поджелудочной железы', '2', 'Киста поджелудочной железы'),
(86, 'K86', 'Другие болезни поджелудочной железы', '3', 'Ложная киста поджелудочной железы'),
(87, 'K86', 'Другие болезни поджелудочной железы', '8', 'Другие уточненные болезни поджелудочной железы'),
(88, 'K86', 'Другие болезни поджелудочной железы', '9', 'Болезнь поджелудочной железы неуточненная'),
(89, 'K65', 'Перитонит', '0', 'Острый перитонит'),
(90, 'K65', 'Перитонит', '8', 'Другие виды перитонита'),
(91, 'K65', 'Перитонит', '9', 'Перитонит неуточненный'),
(92, 'E10', 'Инсулинзависимый сахарный диабет', '', ''),
(93, 'E11', 'Инсулиннезависимый сахарный диабет', '', ''),
(94, 'E12', 'Сахарный диабет, связанный с недостаточностью питания', '', ''),
(95, 'E13', 'Другие уточненные формы сахарного диабета', '', ''),
(96, 'E14', 'Сахарный диабет неуточненный', '', ''),
(97, 'I11', 'Гипертензивная болезнь сердца', '0', 'Гипертензивная болезнь с преимущественным поражением сердца с(застойной) сердечной недостаточностью'),
(98, 'I11', 'Гипертензивная болезнь сердца', '9', 'Гипертензивная болезнь с преимущественным поражением сердца без (застойной) сердечной недостаточности'),
(99, 'I20', 'Стенокардия [грудная жаба]', '0', 'Нестабильная стенокардия'),
(100, 'I20', 'Стенокардия [грудная жаба]', '1', 'Стенокардия с документально подтвержденным спазмом'),
(101, 'I20', 'Стенокардия [грудная жаба]', '8', 'Другие формы стенокардии'),
(102, 'I20', 'Стенокардия [грудная жаба]', '9', 'Стенокардия неуточненная'),
(103, 'I21', 'Острый инфаркт миокарда', '0', 'Острый трансмуральный инфаркт передней стенки миокарда'),
(104, 'I21', 'Острый инфаркт миокарда', '1', 'Острый трансмуральный инфаркт нижней стенки миокарда'),
(105, 'I21', 'Острый инфаркт миокарда', '2', 'Острый трансмуральный инфаркт миокарда других уточненных локализаций'),
(106, 'I21', 'Острый инфаркт миокарда', '3', 'Острый трансмуральный инфаркт миокарда неуточненной локализации'),
(107, 'I21', 'Острый инфаркт миокарда', '4', 'Острый субэндокардиальный инфаркт миокарда'),
(108, 'I21', 'Острый инфаркт миокарда', '9', 'Острый инфаркт миокарда неуточненный'),
(109, 'I30', 'Острый перикардит', '0', 'Острый неспецифический идиопатический перикардит'),
(110, 'I30', 'Острый перикардит', '1', 'Инфекционный перикардит'),
(111, 'I30', 'Острый перикардит', '8', 'Другие формы острого перикардита'),
(112, 'I30', 'Острый перикардит', '9', 'Острый перикардит неуточненный'),
(113, 'I38', 'Эндокардит, клапан не уточнен', '', ''),
(114, 'I40', 'Острый миокардит', '0', 'Инфекционный миокардит'),
(115, 'I40', 'Острый миокардит', '1', 'Изолированный миокардит'),
(116, 'I40', 'Острый миокардит', '8', 'Другие виды острого миокардита'),
(117, 'I40', 'Острый миокардит', '9', 'Острый миокардит неуточненный'),
(118, 'I48', 'Фибрилляция и трепетание предсердий', '', ''),
(119, 'J45', 'Астма', '0', 'Астма с преобладанием аллергического компонента'),
(120, 'J45', 'Астма', '1', 'Неаллергическая астма'),
(121, 'J45', 'Астма', '8', 'Смешанная астма'),
(122, 'J45', 'Астма', '9', 'Астма неуточненная'),
(123, 'J40', 'Бронхит, не уточненный как острый или хронический', '', ''),
(124, 'J41', 'Простой и слизисто-гнойный хронический бронхит', '0', 'Простой хронический бронхит'),
(125, 'J41', 'Простой и слизисто-гнойный хронический бронхит', '1', 'Слизисто-гнойный хронический бронхит'),
(126, 'J41', 'Простой и слизисто-гнойный хронический бронхит', '8', 'Смешанный, простой и слизисто-гнойный хронический бронхит'),
(127, 'J42', 'Хронический бронхит неуточненный', '', ''),
(128, 'J44', 'Другая хроническая обструктивная легочная болезнь', '0', 'Хроническая обструктивная легочная болезнь с острой респираторной инфекцией нижних дыхательных путей'),
(129, 'J44', 'Другая хроническая обструктивная легочная болезнь', '1', 'Хроническая обструктивная легочная болезнь с обострением неуточненная'),
(130, 'J44', 'Другая хроническая обструктивная легочная болезнь', '8', 'Другая уточненная хроническая обструктивная легочная болезнь'),
(131, 'J44', 'Другая хроническая обструктивная легочная болезнь', '9', 'Хроническая обструктивная легочная болезнь неуточненная'),
(132, 'J47', 'Бронхоэктазия', '', ''),
(133, 'R09', 'Другие симптомы и признаки, относящиеся к системам', '0', 'Асфиксия'),
(134, 'R09', 'Другие симптомы и признаки, относящиеся к системам', '1', 'Плеврит'),
(135, 'R09', 'Другие симптомы и признаки, относящиеся к системам', '2', 'Задержка дыхания'),
(136, 'R09', 'Другие симптомы и признаки, относящиеся к системам', '3', 'Мокрота'),
(137, 'R09', 'Другие симптомы и признаки, относящиеся к системам', '8', 'Другие уточненные симптомы и признаки, относящиеся к системам кровообращения и дыхания'),
(138, 'J10', 'Грипп, вызванный идентифицированным вирусом гриппа', '0', 'Грипп с пневмонией, вирус гриппа идентифицирован'),
(139, 'J10', 'Грипп, вызванный идентифицированным вирусом гриппа', '1', 'Грипп с другими респираторными проявлениями, вирус гриппа идентифицирован'),
(140, 'J10', 'Грипп, вызванный идентифицированным вирусом гриппа', '8', 'Грипп с другими проявлениями, вирус гриппа идентифицирован'),
(141, 'J11', 'Грипп, вирус не идентифицирован', '0', 'Грипп с пневмонией, вирус не идентифицирован'),
(142, 'J11', 'Грипп, вирус не идентифицирован', '1', 'Грипп с другими респираторными проявлениями, вирус не идентифицирован'),
(143, 'J11', 'Грипп, вирус не идентифицирован', '8', 'Грипп с другими проявлениями, вирус не идентифицирован'),
(144, 'J12', 'Вирусная пневмония, не классифицированная в других', '0', 'Аденовирусная пневмония'),
(145, 'J12', 'Вирусная пневмония, не классифицированная в других', '1', 'Пневмония, вызваннаяреспираторным синцитиальным вирусом'),
(146, 'J12', 'Вирусная пневмония, не классифицированная в других', '2', 'Пневмония, вызванная вирусом парагриппа'),
(147, 'J12', 'Вирусная пневмония, не классифицированная в других', '8', 'Другая вирусная пневмония'),
(148, 'J12', 'Вирусная пневмония, не классифицированная в других', '9', 'Вирусная пневмония неуточненная'),
(149, 'J13', 'Пневмония, вызванная Streptococcus pneumoniae', '', ''),
(150, 'J14', 'Пневмония, вызванная Haemophilus influenzae [палоч', '', ''),
(151, 'J00', 'Острый назофарингит (насморк)', '', ''),
(152, 'J01', 'Острый синусит', '0', 'Острый верхнечелюстной синусит'),
(153, 'J01', 'Острый синусит', '1', 'Острый фронтальный синусит'),
(154, 'J01', 'Острый синусит', '2', 'Острый этмоидальный синусит'),
(155, 'J01', 'Острый синусит', '3', 'Острый сфеноидальный синусит'),
(156, 'J01', 'Острый синусит', '4', 'Острый пансинусит'),
(157, 'J01', 'Острый синусит', '8', 'Другой острый синусит'),
(158, 'J01', 'Острый синусит', '9', 'Острый синусит неуточненный'),
(159, 'J02', 'Острый фарингит', '0', 'Стрептококковый фарингит'),
(160, 'J02', 'Острый фарингит', '8', 'Острый фарингит, вызванный другими уточненными возбудителями'),
(161, 'J02', 'Острый фарингит', '9', 'Острый фарингит неуточненный'),
(162, 'J03', 'Острый тонзиллит', '0', 'Стрептококковый тонзиллит'),
(163, 'J03', 'Острый тонзиллит', '8', 'Острый тонзиллит, вызванный другими уточненными возбудителями'),
(164, 'J03', 'Острый тонзиллит', '9', 'Острый тонзиллит неуточненный'),
(165, 'J03', 'Острый тонзиллит', '9', 'Острый тонзиллит неуточненный'),
(166, 'J03', 'Острый тонзиллит', '9', 'Острый тонзиллит неуточненный'),
(167, 'J03', 'Острый тонзиллит', '9', 'Острый тонзиллит неуточненный'),
(168, 'J04', 'Острый ларингит и трахеит', '0', 'Острый ларингит'),
(169, 'J04', 'Острый ларингит и трахеит', '1', 'Острый трахеит'),
(170, 'J04', 'Острый ларингит и трахеит', '2', 'Острый ларинготрахеит'),
(171, 'K80', 'Желчекаменная болезнь [холелитиаз]', '0', 'Камни желчного пузыря с острым холециститом'),
(172, 'K80', 'Желчекаменная болезнь [холелитиаз]', '1', 'Камни желчного пузыря с другим холециститом'),
(173, 'K80', 'Желчекаменная болезнь [холелитиаз]', '2', 'Камни желчного пузыря без холецистита'),
(174, 'K80', 'Желчекаменная болезнь [холелитиаз]', '3', 'Камни желчного протока с холангитом'),
(175, 'K80', 'Желчекаменная болезнь [холелитиаз]', '4', 'Камни желчного протока с холециститом'),
(176, 'K80', 'Желчекаменная болезнь [холелитиаз]', '5', 'Камни желчного протока без холангита или холецистита'),
(177, 'K80', 'Желчекаменная болезнь [холелитиаз]', '8', 'Другие формы холелитиаза'),
(178, 'K81', 'Холецистит', '0', 'Острый холецистит'),
(179, 'K81', 'Холецистит', '1', 'Хронический холецистит'),
(180, 'K81', 'Холецистит', '8', 'Другие формы холецистита'),
(181, 'K81', 'Холецистит', '9', 'Холецистит неуточненный'),
(182, 'H10', 'Конъюнктивит', '0', 'Слизисто-гнойный конъюнктивит'),
(183, 'H10', 'Конъюнктивит', '1', 'Острый атопический конъюнктивит'),
(184, 'H10', 'Конъюнктивит', '2', 'Другие острые конъюнктивиты'),
(185, 'H10', 'Конъюнктивит', '3', 'Острый конъюнктивит неуточненный');

-- --------------------------------------------------------

--
-- Структура таблицы `diagnosis_date`
--

CREATE TABLE `diagnosis_date` (
  `Id_diagnosis_date` int(11) NOT NULL,
  `Date` date DEFAULT NULL,
  `Id_visitation` int(11) NOT NULL,
  `Id_diagnosis` int(11) NOT NULL
) ENGINE=InnoDB DEFAULT CHARSET=utf8;

--
-- Дамп данных таблицы `diagnosis_date`
--

INSERT INTO `diagnosis_date` (`Id_diagnosis_date`, `Date`, `Id_visitation`, `Id_diagnosis`) VALUES
(1, NULL, 35, 63),
(2, NULL, 36, 97),
(3, NULL, 37, 122),
(4, NULL, 38, 149),
(5, NULL, 40, 178),
(6, NULL, 41, 168),
(7, NULL, 42, 134),
(8, NULL, 43, 63),
(9, NULL, 44, 182),
(18, NULL, 55, 151),
(19, NULL, 55, 151),
(22, NULL, 56, 7),
(25, NULL, 59, 3),
(27, NULL, 61, 7);

-- --------------------------------------------------------

--
-- Структура таблицы `diagnosis_examinatio`
--

CREATE TABLE `diagnosis_examinatio` (
  `Id_diagnosis_examination` int(11) NOT NULL,
  `Date` date DEFAULT NULL,
  `Id_diagnosis` int(11) NOT NULL,
  `Id_doctor_exam` int(11) NOT NULL
) ENGINE=InnoDB DEFAULT CHARSET=utf8;

-- --------------------------------------------------------

--
-- Структура таблицы `doctor`
--

CREATE TABLE `doctor` (
  `Id_doctor` int(11) NOT NULL,
  `FIO` varchar(40) NOT NULL,
  `Phone` varchar(12) DEFAULT NULL,
  `Cabinet` int(11) DEFAULT NULL,
  `Floor` int(11) DEFAULT NULL,
  `Login` varchar(20) NOT NULL,
  `Password` varchar(20) DEFAULT NULL
) ENGINE=InnoDB DEFAULT CHARSET=utf8;

--
-- Дамп данных таблицы `doctor`
--

INSERT INTO `doctor` (`Id_doctor`, `FIO`, `Phone`, `Cabinet`, `Floor`, `Login`, `Password`) VALUES
(1, 'Савинова Лариса Игоревна', '24-54-67', 1, 1, 'Sawinova', 'Sawinova'),
(2, 'Басин Игорь Вадимович', '24-13-52', 2, 1, 'Basin', 'Basin'),
(5, 'Белошапкин Никита Сергеевич', '24-30-40', 3, 1, 'Beloshapkin', 'Beloshapkin'),
(6, 'Насонова Любовь Андреевна', '24-17-01', 4, 1, 'Nasonova', 'Nasonova'),
(7, 'Мажник Елена Александровна', '24-67-87', 5, 1, 'Mazhnik', 'Mazhnik'),
(8, 'Клюй Александр Валерьевич', '24-67-87', 5, 1, 'Kluy', 'Kluy'),
(9, 'Петров Марк Антонович', '24-65-13', 6, 1, 'Petrov', 'Petrov'),
(10, 'Юдина Карина Сергеевна', '24-65-13', 6, 1, 'Yudina', 'Yudina'),
(11, 'Кунгурова Елена Викторовна', '24-12-13', 7, 1, 'Kungurova', 'Kungurova'),
(12, 'Грицай Анастасия Константиновна', '24-56-66', 8, 1, 'Gricay', 'Gricay'),
(13, 'Сафронов Михаил Васильевич', '24-84-65', 9, 1, 'Saphronov', 'Saphronov'),
(14, 'Зайцев Эдуард Александрович', '24-84-65', 9, 1, 'Zayzev', 'Zayzev'),
(15, 'Рябина Ольга Викторовна', '24-66-70', 10, 2, 'Ryabina', 'Ryabina'),
(16, 'Екшибарова Наталья Александровна', '24-44-45', 11, 2, 'Ekshibarova', 'Ekshibarova'),
(17, 'Лепина Валентина Михайловна', '24-65-34', 12, 2, 'Lepina', 'Lepina'),
(18, 'Кулебин Семен Евгеньевич', '24-52-23', 13, 2, 'Kulebin', 'Kulebin');

-- --------------------------------------------------------

--
-- Структура таблицы `doctor_exam`
--

CREATE TABLE `doctor_exam` (
  `Id_doctor_exam` int(11) NOT NULL,
  `Id_exam` int(11) NOT NULL,
  `Id_doctor` int(11) NOT NULL
) ENGINE=InnoDB DEFAULT CHARSET=utf8;

-- --------------------------------------------------------

--
-- Структура таблицы `doctor_specialization`
--

CREATE TABLE `doctor_specialization` (
  `Id_doctor_spezialization` int(11) NOT NULL,
  `Id_doctor` int(11) NOT NULL,
  `Id_specialization` int(11) NOT NULL
) ENGINE=InnoDB DEFAULT CHARSET=utf8;

--
-- Дамп данных таблицы `doctor_specialization`
--

INSERT INTO `doctor_specialization` (`Id_doctor_spezialization`, `Id_doctor`, `Id_specialization`) VALUES
(1, 1, 1),
(2, 2, 2),
(3, 5, 13),
(4, 6, 1),
(5, 7, 11),
(6, 8, 3),
(7, 9, 1),
(8, 10, 4),
(9, 11, 6),
(10, 12, 1),
(11, 13, 1),
(12, 14, 12),
(13, 15, 1),
(14, 16, 8),
(15, 17, 10),
(16, 18, 7);

-- --------------------------------------------------------

--
-- Структура таблицы `graft`
--

CREATE TABLE `graft` (
  `Id_certification` int(11) NOT NULL,
  `Multiplicity` varchar(15) DEFAULT NULL,
  `Date` date DEFAULT NULL,
  `Medicine` varchar(40) DEFAULT NULL,
  `Series` varchar(20) DEFAULT NULL,
  `Doctor` varchar(40) DEFAULT NULL,
  `Id_graft` int(11) NOT NULL,
  `Id_MO` int(11) NOT NULL,
  `Id_patient` int(11) NOT NULL
) ENGINE=InnoDB DEFAULT CHARSET=utf8;

--
-- Дамп данных таблицы `graft`
--

INSERT INTO `graft` (`Id_certification`, `Multiplicity`, `Date`, `Medicine`, `Series`, `Doctor`, `Id_graft`, `Id_MO`, `Id_patient`) VALUES
(10, 'Вакцинация 1', '1988-12-12', 'АКД6', '115-11-87', 'Баранов А.В.', 1, 44, 8),
(11, 'Вакцинация', '1980-12-23', 'БЦЖ', '201-5', 'Баранов А.В.', 2, 42, 8),
(12, 'Ревакцинация 1', '1981-02-13', 'БЦЖ-М', '931-3', 'Баранов А.В.', 2, 42, 8),
(13, 'Вакцинация', '1980-10-28', 'ПВА', '6/25', 'Баранов А.В.', 3, 42, 8),
(14, 'Вакцинация', '1982-05-12', 'ПВА', '6/74', 'Баранов А.В.', 3, 42, 8),
(15, 'Вакцинация', '1990-03-10', 'ПВА', '6/49', 'Баранов А.В.', 3, 42, 8),
(16, 'Вакцинация', '1999-04-03', 'ПВА', '6/2', 'Баранов А.В.', 3, 42, 8),
(17, 'Вакцинация', '2007-11-13', 'ПВА', '6/73', 'Грицай А.К.', 3, 10, 8),
(18, 'Вакцинация', '2009-02-21', 'ПВА', '6/7', 'Грицай А.К.', 3, 10, 8),
(19, 'Вакцинация 1', '1996-07-09', 'АКД6', '115-11', 'Баранов А.В.', 4, 42, 8),
(20, 'Вакцинация 2', '1996-08-22', 'АКД6', '96-6', 'Баранов А.В.', 4, 42, 8),
(21, 'Вакцинация 3', '1996-10-04', 'АКД6', '118-12', 'Баранов А.В.', 4, 42, 8),
(22, 'Ревакцинация 1', '1997-12-04', 'АКД6', '149-8', 'Баранов А.В.', 4, 42, 8),
(23, 'Ревакцинация 2', '2002-12-16', 'АДС-М', '174-15', 'Грицай А.К.', 4, 10, 8),
(24, 'Вакцинация', '1997-07-15', NULL, '0280', 'Баранов А.В.', 6, 42, 8),
(25, 'Ревакцинация', '2002-01-11', NULL, '0748', 'Грицай А.К.', 6, 10, 8);

-- --------------------------------------------------------

--
-- Структура таблицы `graft_name`
--

CREATE TABLE `graft_name` (
  `Id_graft` int(11) NOT NULL,
  `Name` varchar(30) NOT NULL
) ENGINE=InnoDB DEFAULT CHARSET=utf8;

--
-- Дамп данных таблицы `graft_name`
--

INSERT INTO `graft_name` (`Id_graft`, `Name`) VALUES
(1, 'против гепатита В'),
(2, 'против туберкулеза'),
(3, 'реакция манту'),
(4, 'против дифтерии,коклюша,столбн'),
(5, 'против краснухи'),
(6, 'против эпидемического паротита'),
(7, 'против полиомиелита'),
(8, 'против кори'),
(9, 'против гриппа'),
(10, 'против клещевого энцифалита'),
(11, 'против гепатита А');

-- --------------------------------------------------------

--
-- Структура таблицы `group_disability`
--

CREATE TABLE `group_disability` (
  `Id_disability` int(11) NOT NULL,
  `Number` int(11) NOT NULL,
  `State` tinyint(1) NOT NULL
) ENGINE=InnoDB DEFAULT CHARSET=utf8;

--
-- Дамп данных таблицы `group_disability`
--

INSERT INTO `group_disability` (`Id_disability`, `Number`, `State`) VALUES
(1, 1, 0),
(2, 2, 1),
(3, 2, 0),
(4, 3, 1),
(5, 0, 1);

-- --------------------------------------------------------

--
-- Структура таблицы `group_observation`
--

CREATE TABLE `group_observation` (
  `Id_group_observation` int(11) NOT NULL,
  `Number` int(11) NOT NULL
) ENGINE=InnoDB DEFAULT CHARSET=utf8;

--
-- Дамп данных таблицы `group_observation`
--

INSERT INTO `group_observation` (`Id_group_observation`, `Number`) VALUES
(1, 1),
(2, 2),
(3, 3),
(4, 3);

-- --------------------------------------------------------

--
-- Структура таблицы `group_of_blood`
--

CREATE TABLE `group_of_blood` (
  `Id_blood` int(11) NOT NULL,
  `Number` int(11) NOT NULL
) ENGINE=InnoDB DEFAULT CHARSET=utf8;

--
-- Дамп данных таблицы `group_of_blood`
--

INSERT INTO `group_of_blood` (`Id_blood`, `Number`) VALUES
(1, 1),
(2, 2),
(3, 3);

-- --------------------------------------------------------

--
-- Структура таблицы `hospitalization`
--

CREATE TABLE `hospitalization` (
  `Id_hospitalization` int(11) NOT NULL,
  `Date_hospital` date DEFAULT NULL,
  `Date_review` date DEFAULT NULL,
  `Cause` varchar(40) DEFAULT NULL,
  `Id_secession` int(11) NOT NULL,
  `Id_profile_bed` int(11) NOT NULL,
  `Id_patient` int(11) NOT NULL,
  `Id_diagnosis` int(11) NOT NULL,
  `Id_MO` int(11) NOT NULL,
  `Id_doctor` int(11) NOT NULL
) ENGINE=InnoDB DEFAULT CHARSET=utf8;

-- --------------------------------------------------------

--
-- Структура таблицы `medicament`
--

CREATE TABLE `medicament` (
  `Id_medicament` int(11) NOT NULL,
  `Group_farm` varchar(200) DEFAULT NULL,
  `Name` varchar(30) NOT NULL,
  `Code` varchar(20) NOT NULL
) ENGINE=InnoDB DEFAULT CHARSET=utf8;

--
-- Дамп данных таблицы `medicament`
--

INSERT INTO `medicament` (`Id_medicament`, `Group_farm`, `Name`, `Code`) VALUES
(1, NULL, 'Адреналин', '1'),
(2, NULL, 'Аевит', '2'),
(3, NULL, 'Аминалон', '3'),
(4, 'Блокаторы кальциевых каналов', 'Амлодипин', '4'),
(5, NULL, 'Аммиак', '5'),
(6, NULL, 'Амоксиклав', '6'),
(7, 'Пенициллины', 'Амоксициллин', '7'),
(8, NULL, 'Анальгин', '8'),
(9, NULL, 'Бепантен', '9'),
(10, NULL, 'Боярышник', '10'),
(11, NULL, 'Бромгексин', '11'),
(12, NULL, 'Вазелин', '12'),
(13, NULL, 'Валерианы настойка', '13'),
(14, NULL, 'Валидол', '14'),
(15, NULL, 'Валокордин', '15'),
(16, NULL, 'Витамин С', '16'),
(17, NULL, 'Галоперидол', '17'),
(18, NULL, 'Гидроперит', '18'),
(19, NULL, 'Гистафен', '19'),
(20, NULL, 'Деготь', '20'),
(21, NULL, 'Демепразол', '21'),
(22, NULL, 'Дибазол', '22'),
(23, NULL, 'Димексид', '23'),
(24, NULL, 'Дротаверин', '24'),
(25, NULL, 'Женьшеня настойка', '25'),
(26, NULL, 'Зверобой', '26'),
(27, NULL, 'Ибупрофен', '27'),
(28, NULL, 'Иммуноглобулин', '28'),
(29, NULL, 'Имудон', '29'),
(30, NULL, 'Ихтиол', '30'),
(31, NULL, 'Йод', '31'),
(32, NULL, 'Капотен', '32'),
(33, NULL, 'Капсикам', '33'),
(34, NULL, 'Кардиомагнил', '34'),
(35, NULL, 'Кетонал', '35'),
(36, NULL, 'Клофелин', '36'),
(37, NULL, 'Коаксил', '37'),
(38, NULL, 'Колофорт', '38'),
(39, NULL, 'Конкор', '39'),
(40, NULL, 'Корвалол', '40'),
(41, NULL, 'Кордафлекс', '41'),
(42, NULL, 'Ксанакс', '42'),
(43, NULL, 'Левомицетин', '43'),
(44, NULL, 'Лидокаин', '44'),
(45, NULL, 'Лозартан', '45'),
(46, NULL, 'Люголь', '46'),
(47, NULL, 'Макропен', '47'),
(48, NULL, 'Мезим', '48'),
(49, NULL, 'Мелокс', '49'),
(50, 'Бета-адреноблокаторы', 'Бисопролол', '50'),
(51, 'Бета-адреноблокаторы', 'Метопролол', '51'),
(52, NULL, 'Моноприл', '52'),
(53, NULL, 'Морфин', '53'),
(54, NULL, 'Натамицин', '54'),
(55, NULL, 'Натрия аденозинтрифосфат', '55'),
(56, NULL, 'Наятокс', '56'),
(57, NULL, 'Нейроферон', '57'),
(58, NULL, 'Некст', '58'),
(59, NULL, 'Никотиновая кислота', '59'),
(60, NULL, 'Нимесил', '60'),
(61, NULL, 'Новокаин', '61'),
(62, NULL, 'Нурофен', '62'),
(63, NULL, 'Омез', '63'),
(64, NULL, 'Опий', '64'),
(65, NULL, 'Панадол', '65'),
(66, NULL, 'Панкреатин', '66'),
(67, NULL, 'Парацетамол', '67'),
(68, NULL, 'Пенталгин', '68'),
(69, NULL, 'Реналган', '69'),
(70, NULL, 'Рибофлавин', '70'),
(71, NULL, 'Ринза', '71'),
(72, NULL, 'Себозол', '72'),
(73, NULL, 'Серофен', '73'),
(74, NULL, 'Сибазон', '74'),
(75, NULL, 'Синекод', '75'),
(76, NULL, 'Спазмалгон', '76'),
(77, NULL, 'Супрастин', '77'),
(78, NULL, 'Темпалгин', '78'),
(79, NULL, 'Тенотен', '79'),
(80, NULL, 'Терафлекс', '80'),
(81, NULL, 'Тауфон', '81'),
(82, NULL, 'Трамадол', '82'),
(83, NULL, 'Феназепам', '83'),
(84, NULL, 'Фервекс', '84'),
(85, NULL, 'Фестал', '85'),
(86, NULL, 'Финалгон', '86'),
(87, NULL, 'Фуразолидон', '87'),
(88, NULL, 'Церукал', '88'),
(89, NULL, 'Цетиризин', '89'),
(90, NULL, 'Цикломед', '90'),
(91, NULL, 'Цитрамон', '91'),
(92, NULL, 'Чага', '92'),
(93, NULL, 'Эвкалипт', '93'),
(94, NULL, 'Эгилок', '94'),
(95, NULL, 'Эзомепразол', '95'),
(96, NULL, 'Экзодерил', '96'),
(97, NULL, 'Эргоферон', '97'),
(98, NULL, 'Эспумизан', '98'),
(99, NULL, 'Юниэнзим', '99'),
(100, NULL, 'Ярина', '100'),
(101, 'Пенициллины в комбинациях', 'Клавулановая кислота', '101'),
(102, 'Макролиды и азалиды', 'Азитромицин', '102'),
(103, 'Инсулин ультракороткого действия', 'Хумалог', '103'),
(104, 'Инсулин ультракороткого действия', 'НовоРапид', '104'),
(105, 'Инсулин короткого действия', 'Рапид', '105'),
(106, 'Инсулин короткого действия', 'Биосулин Р', '106'),
(107, 'Инсулин короткого действия', 'Росинсулин Р', '107'),
(108, 'Инсулин короткого действия', 'Хумулин Р', '108'),
(109, 'Инсулин короткого действия', 'Инсуман Рапид', '109'),
(110, 'Инсулин среднего действия', 'Биосулин Н', '110'),
(111, 'Инсулин среднего действия', 'Росинсулин С', '111'),
(112, 'Инсулин среднего действия', 'Хумулин Н', '112'),
(113, 'Инсулин среднего действия', 'Инсуман Базал', '113'),
(114, 'Инсулин длительного действия', 'Левемир', '114'),
(115, 'Инсулин длительного действия', 'Лантус', '115'),
(116, 'Хинолоны/фторхинолоны', 'Левофлоксацин', '116'),
(117, 'Секретолитики и стимуляторы моторной функции дыхательных путей', 'Мукалтин', '117'),
(118, 'Секретолитики и стимуляторы моторной функции дыхательных путей', 'Бромгексин', '118'),
(119, 'Секретолитики и стимуляторы моторной функции дыхательных путей', 'Лазолван', '119'),
(120, 'Антагонисты рецепторов ангиотензина II (AT1-подтип)', 'Лозартан', '120'),
(121, 'Антагонисты рецепторов ангиотензина II (AT1-подтип)', 'Валсартан', '121'),
(122, 'Антагонисты рецепторов ангиотензина II (AT1-подтип)', 'Кандесартан', '122'),
(123, 'Антагонисты рецепторов ангиотензина II (AT1-подтип)', 'Азилсартана медоксомил', '123'),
(124, 'Диуретики', 'Индапамид', '124'),
(125, 'Диуретики', 'Спиронолактон', '125'),
(126, 'Диуретики', 'Эплеренон', '126'),
(127, 'Блокаторы кальциевых каналов', 'Нифедипин', '127'),
(128, 'Блокаторы кальциевых каналов', 'Фелодипин', '128'),
(129, 'Агонисты I1-имидазолиновых рецепторов', 'Моксонидин', '129'),
(130, 'Ингибиторы АПФ', 'Фозиноприл', '130'),
(131, 'Ингибиторы АПФ', 'Эналаприл', '131'),
(132, 'Ингибиторы АПФ', 'Лизиноприл', '132'),
(133, 'Ингибиторы АПФ', 'Периндоприл', '133'),
(134, 'Гипогликемические синтетические и другие средства', 'Глибенкламид', '134'),
(135, 'Гипогликемические синтетические и другие средства', 'Метформин', '135'),
(136, 'Гипогликемические синтетические и другие средства', 'Гликлазид', '136'),
(137, 'Гипогликемические синтетические и другие средства', 'Глимепирид', '137');

-- --------------------------------------------------------

--
-- Структура таблицы `method_of_examination`
--

CREATE TABLE `method_of_examination` (
  `Id_method` int(11) NOT NULL,
  `Name` varchar(40) NOT NULL
) ENGINE=InnoDB DEFAULT CHARSET=utf8;

--
-- Дамп данных таблицы `method_of_examination`
--

INSERT INTO `method_of_examination` (`Id_method`, `Name`) VALUES
(1, 'узи молочных желез'),
(2, 'узи гинекологическое'),
(3, 'узи брюшной полости'),
(4, 'узи желчного пузыря'),
(5, 'узи желудка'),
(6, 'узи кишечника'),
(7, 'узи мочевого пузыря'),
(8, 'узи мягких тканей'),
(9, 'узи поджелудочной железы'),
(10, 'узи печени'),
(11, 'узи почек'),
(12, 'узи суставов'),
(13, 'узи щитовидной железы'),
(14, 'узи предстательной железы'),
(15, 'эхокардиография'),
(16, 'узи при беременности'),
(17, 'рентген позвоночника'),
(18, 'рентген грудной клетки'),
(19, 'рентген периферических отделов скелета'),
(20, 'ортопантомография'),
(21, 'метросальпингография'),
(22, 'маммография'),
(23, 'дуоденография'),
(24, 'холециститография'),
(25, 'холеграфия'),
(26, 'ирригоскопия'),
(27, 'флюраграфия'),
(28, 'МРТ головного мозга'),
(29, 'МРТ позвоночника'),
(30, 'МРТ брюшной полости'),
(31, 'МРТ суставов'),
(32, 'Общеклинический анализ крови'),
(33, 'Биохимический анализ крови'),
(34, 'Определение альфа-,бета- и гамма белков-'),
(35, 'Анализ крови на сахар'),
(36, 'Анализ крови иммунологический'),
(37, 'Серологический анализ крови'),
(38, 'Анализ гормонального профиля'),
(39, 'Анализ на свертываемость крови'),
(40, 'ХГЧ'),
(41, 'Полимеразная цепная реакция'),
(42, 'Анализы на онкомаркеры'),
(43, 'Общий анализ мочи'),
(44, 'Биохимический анализ мочи'),
(45, 'Суточный биохимический анализ мочи'),
(46, 'Анализ мочи по Нечипоренко'),
(47, 'Анализ мочи по Зимницкому'),
(48, 'Анализ мочи по Амбурже'),
(49, 'Общий анализ кала'),
(50, 'Анализ кала на кишечную группу'),
(51, 'Анализ кала на лямблии'),
(52, 'Анализ кала на углеводы'),
(53, 'Анализ кала на яйца глист'),
(54, 'Копрограмма кала'),
(55, 'Анализ кала на хеликобактер'),
(56, 'Анализ кала на энтеробиоз'),
(57, 'Анализ кала на эластозу'),
(58, 'Анализ кала на кальпротектин'),
(59, 'Анализ кала на дисбактериоз'),
(60, 'Биохимический анализ кала'),
(61, 'Анализ кала на скрытую кровь'),
(62, 'Биохимический анализ слюны'),
(63, 'Бактериологичекий анализ слюны'),
(64, 'Анализ слюны на паразиты'),
(65, 'ДНК-анализ для установления родственных '),
(66, 'Экспериментальный анализ слюны'),
(67, 'Мазок на флору'),
(68, 'Мазок на степень чистоты влагалища'),
(69, 'Мазок на бактериологический анализ'),
(70, 'Мазок для проведения ПЦР'),
(71, 'Мазок на цитологическое исследование'),
(72, 'Колоноскопия'),
(73, 'Фиброгастродуоденоскопия(ФГДС)'),
(74, 'Ректороманоскопия'),
(75, 'Фиброэзофагогастроскопия(ФГС)'),
(76, 'Артроскопия'),
(77, 'Гистероскопия'),
(78, 'Лапароскопия'),
(79, 'Уретроскопия'),
(80, 'Цистоскопия'),
(81, 'Бронхоскопия'),
(82, 'Эндоскопический осмотр ЛОР-органов'),
(83, 'Спинномозговая пункция'),
(84, 'Электроэнцефалограмма'),
(85, 'Реоэнцефалография'),
(86, 'Электромиография'),
(87, 'Эхоэнцефалография'),
(88, 'Коронарография'),
(89, 'Кардиотокография(КТГ)'),
(90, 'Реовазография'),
(91, 'Реоэнцефалография(РЭГ)'),
(92, 'Электрокардиограмма(ЭКГ)'),
(93, 'Аудиометрия'),
(94, 'Ринометрия'),
(95, 'Риноманометрия'),
(96, 'Тимпанометрия'),
(97, 'Рентген легких'),
(98, 'Электрофорез'),
(99, 'Дуоденальное зондирование'),
(100, 'Гастроскопия'),
(101, 'Лепидограмма'),
(102, 'Глазное дно'),
(103, 'Консультация кардиолога'),
(104, 'Анализ мочи на сахар'),
(105, 'Дуплекс сосудов'),
(106, 'Анализ крови на гликированный гемоглобин');

-- --------------------------------------------------------

--
-- Структура таблицы `mo`
--

CREATE TABLE `mo` (
  `Id_MO` int(11) NOT NULL,
  `Name` varchar(40) NOT NULL,
  `Address` varchar(40) NOT NULL,
  `OGRN` int(11) NOT NULL
) ENGINE=InnoDB DEFAULT CHARSET=utf8;

--
-- Дамп данных таблицы `mo`
--

INSERT INTO `mo` (`Id_MO`, `Name`, `Address`, `OGRN`) VALUES
(1, 'КГБУЗ \"Городская поликлиника №1, г. Барн', ' Г БАРНАУЛ,УЛ ИНТЕРНАЦИОНАЛЬНАЯ, Д 62', 2147483647),
(2, 'ООО \"НПЦТО\"', 'Г БАРНАУЛ,УЛ ВЛАСИХИНСКАЯ, Д 154Г', 2147483647),
(3, 'КГБУЗ \"ОТДЕЛЕНЧЕСКАЯ КЛИНИЧЕСКАЯ БОЛЬНИЦ', 'Г БАРНАУЛ,УЛ МОЛОДЕЖНАЯ, Д 20', 2147483647),
(4, 'КГБУЗ \"Городская больница №5, г. Барнаул', 'Г БАРНАУЛ,ЗМЕИНОГОРСКИЙ ТРАКТ, Д 75', 2147483647),
(5, 'КГБУЗ \"Городская поликлиника № 3, г. Бар', 'Г БАРНАУЛ,УЛ МОЛОДЕЖНАЯ, Д 35', 2147483647),
(6, 'КГБУЗ \"Диагностический центр Алтайского ', 'Г БАРНАУЛ,ПРОСПЕКТ КОМСОМОЛЬСКИЙ, Д 75 А', 2147483647),
(7, 'КГБУЗ \"Горбольница № 3, г. Барнаул\"', 'Г БАРНАУЛ,УЛ ТИТОВА, Д 29 К2', 2147483647),
(8, 'ООО \"МЕДЛАЙН БАРНАУЛ\"', 'Г БАРНАУЛ, УЛ ПАРТИЗАНСКАЯ, ДОМ 92, ОФИС', 2147483647),
(9, 'КГБУЗ \"АЛТАЙСКАЯ КРАЕВАЯ КЛИНИЧЕСКАЯ ПСИ', 'Г БАРНАУЛ,УЛ ПАРТИЗАНСКАЯ, Д 147', 2147483647),
(10, 'КГБУЗ \"Городская поликлиника № 7, г. Бар', 'Г БАРНАУЛ,УЛ СОВЕТСКОЙ АРМИИ, Д 60А', 2147483647),
(11, 'КГБУЗ \"Городская больница № 4, г. Барнау', 'Г БАРНАУЛ,УЛ ЮРИНА, Д 166А', 2147483647),
(12, 'КГБУЗ \"ГОРОДСКАЯ ПОЛИКЛИНИКА № 10, Г. БА', 'Г БАРНАУЛ,УЛ ИСАКОВА, Д 133', 2147483647),
(13, 'КГБУЗ \"Городская клиническая больница № ', 'Г БАРНАУЛ,УЛ МАЛАХОВА, Д 51', 2147483647),
(14, 'КГБУЗ \"ГОРОДСКАЯ БОЛЬНИЦА № 6, Г. БАРНАУ', 'Г БАРНАУЛ,УЛ СУХОВА, Д 63', 2147483647),
(15, 'КГБУЗ \"Городская поликлиника № 9, г. Бар', 'Г БАРНАУЛ,ПАВЛОВСКИЙ ТРАКТ, Д 120А', 2147483647),
(16, 'КГБУЗ \"Краевая клиническая больница\"', 'Г БАРНАУЛ,УЛ ЛЯПИДЕВСКОГО, Д 1', 2147483647),
(17, 'КГБУЗ \"ОТДЕЛЕНЧЕСКАЯ КЛИНИЧЕСКАЯ БОЛЬНИЦ', 'Г БАРНАУЛ,ПР. СТРОИТЕЛЕЙ, Д 14', 2147483647),
(18, 'КГБУЗ \"Городская больница №5, г. Барнаул', 'Г БАРНАУЛ,ПР КАЛИНИНА, Д 16', 2147483647),
(19, 'КГБУЗ \"Городская больница №5, г. Барнаул', 'Г БАРНАУЛ,УЛ КУЛАГИНА, Д 10', 2147483647),
(20, 'КГБУЗ \"КГБУЗ \"Горбольница № 3, г. Барнау', 'Г БАРНАУЛ,УЛ БЕХТЕРЕВА, Д 26, К2', 2147483647),
(21, 'КГБУЗ \"Городская больница №5, г. Барнаул', 'Г БАРНАУЛ,УЛ ВОДОПРОВОДНАЯ, Д 99', 2147483647),
(22, 'КГБУЗ \"Городская поликлиника №1, г. Барн', 'Г БАРНАУЛ,УЛ АНАТОЛИЯ, Д 182', 2147483647),
(23, 'КГБУЗ \"Городская поликлиника №1, г. Барн', 'Г БАРНАУЛ,УЛ АВАНЕСОВА, Д 32', 2147483647),
(24, 'КГБУЗ \"Городская поликлиника №1, г. Барн', 'Г БАРНАУЛ,УЛ КРАЕВАЯ, Д 45', 2147483647),
(25, 'КГБУЗ \"Городская поликлиника №1, г. Барн', 'Г БАРНАУЛ,УЛ ВОДНИКОВ, Д 18А', 2147483647),
(26, 'КГБУЗ \"Городская поликлиника №9, г. Барн', 'Г БАРНАУЛ,УЛ ГЕОРГИЕВА, Д 51', 2147483647),
(27, 'КГБУЗ \"Городская поликлиника №9, г. Барн', 'Г БАРНАУЛ,УЛ ГЕОРГИЕВА, Д 55', 2147483647),
(28, 'КГБУЗ \"Городская поликлиника №9, г. Барн', 'Г БАРНАУЛ,ПАВЛОВСКИЙ ТРАКТ, Д 118', 2147483647),
(29, 'КГБУЗ \"Городская поликлиника №9, г. Барн', 'Г БАРНАУЛ,ПАВЛОВСКИЙ ТРАКТ, Д 130', 2147483647),
(30, 'ООО \"ТЕСЛАМЕД-БАРНАУЛ\"', 'Г БАРНАУЛ, УЛ ГОГОЛЯ, Д.ДОМ 38', 2147483647),
(31, 'КГБУЗ \"Городская поликлиника № 14, г. Ба', 'Г БАРНАУЛ,УЛ СИРЕНЕВАЯ, Д 7 К1', 2147483647),
(32, 'КГБУЗ \"Городская поликлиника № 14, г. Ба', 'Г БАРНАУЛ,УЛ ВЗЛЕТНАЯ, Д 6', 2147483647),
(33, 'КГБУЗ \"Городская поликлиника № 14, г. Ба', 'Г БАРНАУЛ,ПАВЛОВСКИЙ ТРАКТ, Д 281А', 2147483647),
(34, 'КГБУЗ \"Городская поликлиника № 14, г. Ба', 'Г БАРНАУЛ,ПАВЛОВСКИЙ ТРАКТ, Д 271А', 2147483647),
(35, 'КГБУЗ \"Городская поликлиника № 14, г. Ба', 'Г БАРНАУЛ,УЛ СИРЕНЕВАЯ, Д 9 К2', 2147483647),
(36, 'КГБУЗ \"Городская поликлиника № 14, г. Ба', 'Г БАРНАУЛ,УЛ МАЛИНОВАЯ, Д 27', 2147483647),
(37, 'КГБУЗ \"АКОД\"', 'Г БАРНАУЛ,УЛ НИКИТИНА, Д 77', 2147483647),
(38, 'КГБУЗ \"АКОД\"', 'Г БАРНАУЛ,ЗМЕИНОГОРСКИЙ ТРАКТ, Д 110', 2147483647),
(39, 'КГБУЗ \"Горбольница № 12, г. Барнаул(Поли', 'Г БАРНАУЛ,УЛ ЮРИНА, Д 210А', 2147483647),
(40, 'КГБУЗ \"Горбольница № 12, г. Барнаул(Поли', 'Г БАРНАУЛ,УЛ СОЛНЕЧНАЯ ПОЛЯНА, Д 15Б', 2147483647),
(41, 'КГБУЗ \"Городская клиническая больница № ', 'Г БАРНАУЛ,УЛ ОСТРОВСКОГО, Д 30', 2147483647),
(42, 'КГБУЗ \"Городская поликлиника № 12, г. Ба', 'Г БАРНАУЛ,УЛ БЛАГОВЕЩЕНСКАЯ, Д 4', 2147483647),
(43, 'КГБУЗ \"Городская поликлиника № 12, г. Ба', 'Г БАРНАУЛ,С.ВЛАСИХА,УЛ ПЕРВОМАЙСКАЯ, Д 5', 2147483647),
(44, 'КГБУЗ \"Городская поликлиника № 12, г. Ба', 'Г БАРНАУЛ,УЛ СУВОРОВА, Д 4А', 2147483647),
(45, 'КГБУЗ \"Городская поликлиника № 12, г. Ба', 'Г БАРНАУЛ,УЛ НОВОСИБИРСКАЯ, Д 12', 2147483647),
(46, 'КГБУЗ \"Городская поликлиника № 12, г. Ба', 'Г БАРНАУЛ,УЛ БЛАГОВЕЩЕНСКАя, Д 10', 2147483647),
(47, 'КГБУЗ \"Городская больница №10, г.Барнаул', 'Г БАРНАУЛ,PП ЮЖНЫЙ,УЛ БЕЛИНСКОГО, Д 2', 2147483647),
(48, 'КГБУЗ \"Городская больница №10, г.Барнаул', 'Г БАРНАУЛ,С.ЛЕБЯЖЬЕ,УЛ ШКОЛЬНАЯ, Д 6Е', 2147483647),
(49, 'КГБУЗ \"Алтайский краевой кардиологически', ' Г БАРНАУЛ,УЛ МАЛАХОВА, Д 46', 2147483647),
(50, 'ООО \"ЮМА-МЕД\"', 'Г БАРНАУЛ,УЛ НОВОРОССИЙСКАЯ, Д 9', 2147483647),
(51, 'КГБУЗ \"Горбольница № 12, г. Барнаул\"', 'Г БАРНАУЛ,УЛ МАЛАХОВА, Д 53', 2147483647),
(52, 'КГБУЗ \"Городская больница №8, г. Барнаул', 'Г БАРНАУЛ,УЛ СУХОВА, Д 13', 2147483647);

-- --------------------------------------------------------

--
-- Структура таблицы `organization`
--

CREATE TABLE `organization` (
  `Id_organization` int(11) NOT NULL,
  `Name` varchar(40) NOT NULL,
  `Code` varchar(20) NOT NULL
) ENGINE=InnoDB DEFAULT CHARSET=utf8;

--
-- Дамп данных таблицы `organization`
--

INSERT INTO `organization` (`Id_organization`, `Name`, `Code`) VALUES
(1, 'ООО \"АлтайДорСтрой\"', '1132223003945'),
(2, 'ООО \"АЛТАЙМАГНИТ\"', '1152223000885'),
(3, 'ООО \"СИБИРСКАЯ ЭНЕРГЕТИКА\"', '1162225100124'),
(4, ' \"АДМИНИСТРАЦИЯ ГОРОДА БАРНАУЛА\"', '1042202280251'),
(5, 'ФГБОУ ВО \"АЛТАЙСКИЙ ГОСУДАРСТВЕННЫЙ ТЕХН', '1022201517854'),
(6, 'ФГБОУ ВО \"АЛТАЙСКИЙ ГОСУДАРСТВЕННЫЙ УНИВ', '1022201770106'),
(7, 'МБОУ \"Гимназия № 42\"', '1022200900138'),
(8, 'МБОУ \"ШКОЛА №103\"', '1022200898455'),
(9, 'ООО \"СТРОЙГАЗ\"', '1142225007902'),
(10, 'ОАО \"БПЗ\"', '1022201128718'),
(11, 'ООО \"САНАТОРИЙ ЭНЕРГЕТИК\"', '1042202173420'),
(12, 'ГУП \"БАРНАУЛЬСКОЕ ДСУ-4\"', '1032202269527'),
(13, 'МБДОУ \"ДЕТСКИЙ САД № 256\"', '1022201146000'),
(14, 'МБДОУ \"ДЕТСКИЙ САД № 10\"', '1022201771030'),
(15, 'ООО \"СИБИРИКС\"', '1102223010108'),
(16, 'ООО \"ЖД ЛОГИСТ\"', '1152224002908'),
(17, 'ООО \"МАРИЯ-РА\"', '1022201763517'),
(18, 'ФГБОУ ВО \"АГМУ МИНЗДРАВА РОССИИ\"', '1022201762164'),
(19, 'ООО \"АЛТАЙСКИЙ ПОДОРОЖНИК\"', '1042202268866'),
(20, 'ООО \"ЗВЕЗДА\"', '1172225038590'),
(21, 'ООО \"БЭЛЬ\"', '1072221001874');

-- --------------------------------------------------------

--
-- Структура таблицы `patient`
--

CREATE TABLE `patient` (
  `Id_patient` int(11) NOT NULL,
  `Surname` varchar(20) NOT NULL,
  `Name` varchar(20) NOT NULL,
  `Patronymic` varchar(20) NOT NULL,
  `Sex` tinyint(1) NOT NULL,
  `Date_born` date NOT NULL,
  `Number_history` int(11) NOT NULL,
  `Date_with` date DEFAULT NULL,
  `Date_before` date DEFAULT NULL,
  `Series_number` varchar(11) NOT NULL,
  `Passport` varchar(50) DEFAULT NULL,
  `SNILS` varchar(15) NOT NULL,
  `OMS` varchar(20) NOT NULL,
  `Address_propis` varchar(40) DEFAULT NULL,
  `Address_living` varchar(40) DEFAULT NULL,
  `Reason` tinyint(1) DEFAULT NULL,
  `Phone` varchar(12) DEFAULT NULL,
  `Phone_relative` varchar(12) DEFAULT NULL,
  `FIO_relative` varchar(50) DEFAULT NULL,
  `Rh_factor` tinyint(1) DEFAULT NULL,
  `Alergic` varchar(40) DEFAULT NULL,
  `Id_insurer` int(11) NOT NULL,
  `Id_disability` int(11) DEFAULT NULL,
  `Id_organization` int(11) DEFAULT NULL,
  `Id_blood` int(11) NOT NULL,
  `Id_state` int(11) NOT NULL,
  `Id_area` int(11) NOT NULL
) ENGINE=InnoDB DEFAULT CHARSET=utf8;

--
-- Дамп данных таблицы `patient`
--

INSERT INTO `patient` (`Id_patient`, `Surname`, `Name`, `Patronymic`, `Sex`, `Date_born`, `Number_history`, `Date_with`, `Date_before`, `Series_number`, `Passport`, `SNILS`, `OMS`, `Address_propis`, `Address_living`, `Reason`, `Phone`, `Phone_relative`, `FIO_relative`, `Rh_factor`, `Alergic`, `Id_insurer`, `Id_disability`, `Id_organization`, `Id_blood`, `Id_state`, `Id_area`) VALUES
(5, 'Иванов', 'Иван', 'Иванович', 0, '1970-11-10', 121314, '2010-10-10', NULL, '0109128490', 'ОУФМС России по Алтайскому краю в индустриальном р', '45630012847', '2267349012784589', 'г.Барнаул,ул.Молодежная 47,кв.56', 'г.Барнаул,ул.Молодежная 47,кв.56', 0, '89134582383', '233432', 'Иванова Галина Петровна,жена', 0, 'цитрусы', 7, 1, 11, 2, 2, 4),
(6, 'Захарченко', 'Лариса', 'Андреевна', 1, '1999-12-12', 121399, '2017-10-10', NULL, '0115562345', 'ОУФМС России по Алтайскому краю в центральном райо', '45635618807', '2345563421896743', 'г.Барнаул,ул.Профинтерна,д.17,кв.54', 'г.Барнаул,ул.Профинтерна,д.17,кв.54', 0, '89234569937', '89133679092', 'Захарченко Игнат Андреевич,брат', 0, 'нет', 6, NULL, 6, 1, 1, 3),
(7, 'Кирюшкин', 'Вано', 'Леонидович', 0, '1993-03-17', 121360, '2011-09-02', NULL, '0114487659', 'ОУФМС России по Алтайскому краю в железнодорожном ', '23479672367', '2345560281896743', 'г.Барнаул,ул.8 марта,д.10', 'г.Барнаул,ул.Советская,д.15,кв.47', 1, '89289567337', '89133018092', 'Кирюшкина Нина Александровна,мама', 1, 'пыльца', 2, 5, 11, 3, 2, 3),
(8, 'Дашкова', 'Елена', 'Игоревна', 1, '1980-10-19', 121339, '2000-12-19', NULL, '0101289570', 'ОУФМС России по Алтайскому краю в октябрьском райо', '23445672701', '2213238993784801', 'г.Барнаул,ул.Шукшина,д.60,кв.107', 'г.Барнаул,ул.Короленко,д.65,кв.13', 1, '89237788127', '659128', 'Дашков Владислав Вадимович,муж', 1, 'нет', 4, 3, 13, 2, 2, 5),
(9, 'Самусев', 'Игорь', 'Витальевич', 0, '1948-08-28', 121303, '1999-11-25', NULL, '0116293719', 'ОУФМС России по Алтайскому краю в железнодорожном ', '24445672350', '2219138993784550', 'г.Барнаул,ул.Шумакова,д.67,кв.49', 'г.Барнаул,ул.Попова,д.128,кв.12', 0, '89037198237', '89132558729', 'Самусев Виктор Владимирович,брат', 1, 'нет', 7, 5, NULL, 1, 3, 7),
(10, 'Потапова', 'Зинаида', 'Николаевна', 1, '1990-06-18', 121329, '2008-04-02', NULL, '0115562018', 'ОУФМС России по Алтайскому краю в центральном райо', '23425672364', '2213258993784571', 'г.Барнаул,ул.Червонная,д.12,кв.56', 'г.Барнаул,ул.Червонная,д.12,кв.56', 0, '89125922773', '299384', 'Потапов Игорь Юрьевич,отец', 0, 'цитрусы', 9, NULL, NULL, 3, 4, 6),
(11, 'Суханов', 'Евгений', 'Геннадьевич', 0, '1989-07-22', 121336, '2010-11-05', NULL, '0109289937', 'ОУФМС России по Алтайскому краю в центральном райо', '23445912361', '2345563051896742', 'г.Барнаул,пр.Калинина,д.17,кв.73', 'г.Барнаул,пр.Калинина,д.17,кв.73', 1, '89038107129', '394891', 'Суханова Марина Владимировна,мама', 0, 'нет', 4, NULL, 16, 3, 2, 2),
(12, 'Булкин', 'Семен', 'Виниаминович', 0, '1982-12-05', 121327, '2010-03-04', NULL, '0115590345', 'ОУФМС России по Алтайскому краю в центральном райо', '23445670461', '2213238013784575', 'г.Барнаул,ул.Партизанская,д.56,кв.30', 'г.Барнаул,ул.Партизанская,д.56,кв.30', 0, '89234567339', '89133784001', 'Булкина Маргарита Андреевна,жена', 1, 'пыльца', 5, NULL, 4, 2, 2, 5),
(13, 'Крикунова', 'Лариса', 'Юрьевна', 1, '1978-08-05', 121334, '1999-04-03', NULL, '0115562310', 'ОУФМС России по Алтайскому краю в железнодорожном ', '23445629367', '2213538991784575', 'г.Барнаул,пр.Красноармейский,д.56,кв.13', 'г.Барнаул,пр.Красноармейский,д.56,кв.13', 0, '89234857113', '89132567115', 'Крикунов Даниил Викторович,муж', 0, 'нет', 8, 2, 14, 1, 2, 5);

-- --------------------------------------------------------

--
-- Структура таблицы `profile_bed`
--

CREATE TABLE `profile_bed` (
  `Id_profile_bed` int(11) NOT NULL,
  `Name` varchar(30) NOT NULL
) ENGINE=InnoDB DEFAULT CHARSET=utf8;

--
-- Дамп данных таблицы `profile_bed`
--

INSERT INTO `profile_bed` (`Id_profile_bed`, `Name`) VALUES
(1, 'терапевтический'),
(2, 'хирургический'),
(3, 'акушерский'),
(4, 'гинекологический'),
(5, 'неврологический'),
(6, 'инфекционный'),
(7, 'дерматовенерологический'),
(8, 'офтальмологический'),
(9, 'оториноларингологический'),
(10, 'фтизиатрический'),
(11, 'психиатрический'),
(12, 'стоматологический'),
(13, 'логопедический'),
(14, 'онкологический');

-- --------------------------------------------------------

--
-- Структура таблицы `profile_specialization`
--

CREATE TABLE `profile_specialization` (
  `Id_profile` int(11) NOT NULL,
  `Name` varchar(20) NOT NULL
) ENGINE=InnoDB DEFAULT CHARSET=utf8;

--
-- Дамп данных таблицы `profile_specialization`
--

INSERT INTO `profile_specialization` (`Id_profile`, `Name`) VALUES
(1, 'Терапевтический'),
(2, 'Хирургический'),
(3, 'Гинекологический'),
(4, 'Стамотологический');

-- --------------------------------------------------------

--
-- Структура таблицы `protocol`
--

CREATE TABLE `protocol` (
  `Id_visitation` int(11) NOT NULL,
  `Result_survey` varchar(40) DEFAULT NULL,
  `Inspection` varchar(40) DEFAULT NULL,
  `First_find` tinyint(1) DEFAULT NULL,
  `Dispanser` tinyint(1) DEFAULT NULL,
  `Appointments` varchar(40) DEFAULT NULL,
  `List_with` date DEFAULT NULL,
  `List_before` date DEFAULT NULL,
  `Period` varchar(15) DEFAULT NULL,
  `Reappearance` date DEFAULT NULL,
  `Id_patient` int(11) NOT NULL,
  `Id_group_observation` int(11) NOT NULL,
  `Id_doctor` int(11) NOT NULL,
  `Id_day` int(11) NOT NULL
) ENGINE=InnoDB DEFAULT CHARSET=utf8;

--
-- Дамп данных таблицы `protocol`
--

INSERT INTO `protocol` (`Id_visitation`, `Result_survey`, `Inspection`, `First_find`, `Dispanser`, `Appointments`, `List_with`, `List_before`, `Period`, `Reappearance`, `Id_patient`, `Id_group_observation`, `Id_doctor`, `Id_day`) VALUES
(35, NULL, 'Состояние удовлетв, сознание ясное, поло', 1, NULL, 'Висмут,доза,амоксицилина тригидрат,доза', NULL, NULL, NULL, '1990-12-01', 5, 1, 5, 726),
(36, NULL, 'Состояние удовлетв, сознание ясное, поло', 0, NULL, 'Эналаприл,доза', NULL, NULL, NULL, '2005-08-19', 5, 1, 9, 727),
(37, NULL, 'Состояние удовлетв, сознание ясное, поло', 1, 1, 'Аммоний,доза,Атропина сульфат,доза', NULL, NULL, 'раз в месяц', '2011-01-20', 5, 1, 9, 728),
(38, NULL, 'Состояние удовлетв, сознание ясное, поло', 0, NULL, 'Амоксиклав,доза', NULL, NULL, NULL, '1999-05-17', 8, 2, 12, 729),
(40, NULL, 'Состояние удовлетв, сознание ясное, поло', 0, 0, 'Холагол,доза,отвар бессмертника,доза', '2002-09-20', '2002-09-27', NULL, '2002-09-27', 8, 1, 12, 730),
(41, NULL, 'Состояние удовлетв, сознание ясное, поло', 1, NULL, 'Мукалтин,доза,боржоми в теплом виде,полу', NULL, NULL, NULL, '2003-11-22', 8, 1, 12, 731),
(42, NULL, 'Состояние удовлетв, сознание ясное, поло', 1, NULL, 'Кодеин,доза,ибупрофен,доза,горчичники', '2007-10-14', '2007-10-21', 'раз в неделю', '2007-10-21', 8, 1, 12, 732),
(43, NULL, 'Состояние удовлетв, сознание ясное, поло', 0, NULL, 'Первые сутки голод с теплым питьем,затем', NULL, NULL, 'раз в две недел', '2004-04-12', 8, 1, 5, 733),
(44, NULL, 'Состояние удовлетв, сознание ясное, поло', 0, NULL, 'Сульфацил,доза,амоксиклав,доза,тетрацикл', '2011-11-20', '2011-11-24', NULL, '2011-11-24', 8, 1, 11, 734),
(45, NULL, 'Состояние удовлетв, сознание ясное, поло', 0, NULL, 'Валидол,доза', NULL, NULL, NULL, '2007-10-22', 12, 1, 12, 735),
(46, NULL, 'Состояние удовлетв, сознание ясное, поло', 0, NULL, 'Ингаляции с эвкалиптом,доза', NULL, NULL, NULL, '2007-10-20', 13, 1, 12, 736),
(49, NULL, NULL, NULL, NULL, 'Пациент не был на приёме', NULL, NULL, NULL, NULL, 9, 1, 12, 861),
(50, NULL, NULL, NULL, NULL, 'Пациент не был на приёме', NULL, NULL, NULL, NULL, 8, 1, 12, 862),
(51, NULL, NULL, NULL, NULL, 'Пациент не был на приёме', NULL, NULL, NULL, NULL, 12, 1, 12, 863),
(52, NULL, NULL, NULL, NULL, 'Пациент не был на приёме', NULL, NULL, NULL, NULL, 11, 1, 12, 864),
(53, NULL, NULL, NULL, NULL, 'Пациент не был на приёме', NULL, NULL, NULL, NULL, 6, 1, 12, 865),
(54, NULL, 'фыап', NULL, NULL, '', '2018-06-14', '2018-06-14', 'да', '2018-06-14', 13, 1, 12, 866),
(55, NULL, '', NULL, NULL, '', '2018-06-14', '2018-06-14', '', '2018-06-14', 13, 1, 12, 867),
(56, NULL, '', NULL, NULL, '', '2018-06-14', '2018-06-14', '', '2018-06-14', 13, 1, 12, 868),
(59, NULL, '', NULL, NULL, '', '2018-07-04', '2018-07-04', '', '2018-07-04', 5, 1, 12, 872),
(60, NULL, NULL, NULL, NULL, 'Пациент не был на приёме', NULL, NULL, NULL, NULL, 8, 1, 12, 873),
(61, NULL, '123', NULL, NULL, '', '2018-07-04', '2018-07-04', '', '2018-07-04', 9, 1, 12, 874);

-- --------------------------------------------------------

--
-- Структура таблицы `schedule`
--

CREATE TABLE `schedule` (
  `Id_day` int(11) NOT NULL,
  `Name` varchar(20) DEFAULT NULL,
  `Work_time_with` varchar(20) DEFAULT NULL,
  `Work_time_before` varchar(20) NOT NULL,
  `Id_date_work` int(11) DEFAULT NULL
) ENGINE=InnoDB DEFAULT CHARSET=utf8;

--
-- Дамп данных таблицы `schedule`
--

INSERT INTO `schedule` (`Id_day`, `Name`, `Work_time_with`, `Work_time_before`, `Id_date_work`) VALUES
(1, 'Понедельник', '8.00', '13.00', 13),
(2, 'Вторник', '14.00', '18.00', 13),
(3, 'Среда', '8.00', '13.00', 13),
(4, 'Четверг', '14.00', '18.00', 13),
(5, 'Пятница', '8.00', '13.00', 13),
(6, 'Понедельник', '8.00', '13.00', 14),
(7, 'Вторник', '8.00', '13.00', 14),
(8, 'Среда', '8.00', '13.00', 14),
(9, 'Четверг', '8.00', '13.00', 14),
(10, 'Пятница', '8.00', '13.00', 14),
(11, 'Понедельник', '14.00', '18.00', 15),
(12, 'Вторник', '8.00', '13.00', 15),
(13, 'Среда', '14.00', '18.00', 15),
(14, 'Четверг', '14.00', '18.00', 15),
(15, 'Пятница', '14.00', '18.00', 15),
(16, 'Понедельник', '14.00', '18.00', 16),
(17, 'Вторник', '14.00', '18.00', 16),
(18, 'Среда', '14.00', '18.00', 16),
(19, 'Четверг', '14.00', '18.00', 16),
(20, 'Пятница', '14.00', '18.00', 16),
(21, 'Понедельник', '8.00', '13.00', 17),
(22, 'Вторник', '8.00', '13.00', 17),
(23, 'Среда', '14.00', '18.00', 17),
(24, 'Четверг', '14.00', '18.00', 17),
(25, 'Пятница', '8.00', '13.00', 17),
(26, 'Понедельник', '14.00', '18.00', 18),
(27, 'Вторник', '8.00', '13.00', 18),
(28, 'Среда', '14.00', '18.00', 18),
(29, 'Четверг', '8.00', '13.00', 18),
(30, 'Пятница', '14.00', '18.00', 18),
(31, 'Понедельник', '8.00', '16.00', 20),
(32, 'Среда', '8.00', '16.00', 20),
(33, 'Пятница', '8.00', '16.00', 20),
(34, 'Вторник', '8.00', '16.00', 21),
(35, 'Четверг', '8.00', '16.00', 21),
(36, 'Понедельник', '8.00', '16.00', 22),
(37, 'Вторник', '8.00', '16.00', 22),
(38, 'Среда', '8.00', '16.00', 22),
(39, 'Четверг', '8.00', '16.00', 22),
(40, 'Пятница', '8.00', '16.00', 22),
(41, 'Понедельник', '8.00', '16.00', 23),
(42, 'Вторник', '8.00', '16.00', 23),
(43, 'Среда', '8.00', '16.00', 23),
(44, 'Четверг', '8.00', '16.00', 23),
(45, 'Пятница', '8.00', '16.00', 23),
(46, 'Понедельник', '8.00', '16.00', 24),
(47, 'Вторник', '8.00', '16.00', 24),
(48, 'Среда', '8.00', '16.00', 24),
(49, 'Четверг', '8.00', '16.00', 24),
(50, 'Пятница', '8.00', '16.00', 24),
(51, 'Понедельник', '8.00', '16.00', 25),
(52, 'Вторник', '8.00', '16.00', 25),
(53, 'Среда', '8.00', '16.00', 25),
(54, 'Четверг', '8.00', '16.00', 25),
(55, 'Пятница', '8.00', '16.00', 25),
(56, 'Понедельник', '8.00', '16.00', 26),
(57, 'Вторник', '8.00', '16.00', 26),
(58, 'Среда', '8.00', '16.00', 26),
(59, 'Четверг', '8.00', '16.00', 26),
(60, 'Пятница', '8.00', '16.00', 26),
(61, 'Понедельник', '8.00', '16.00', 27),
(62, 'Вторник', '8.00', '16.00', 27),
(63, 'Среда', '8.00', '16.00', 27),
(64, 'Четверг', '8.00', '16.00', 27),
(65, 'Пятница', '8.00', '16.00', 27),
(66, 'Понедельник', '8.00', '16.00', 28),
(67, 'Вторник', '8.00', '16.00', 28),
(68, 'Среда', '8.00', '16.00', 28),
(69, 'Четверг', '8.00', '16.00', 28),
(70, 'Пятница', '8.00', '16.00', 28),
(71, 'Понедельник', '8.00', '16.00', 29),
(72, 'Вторник', '8.00', '16.00', 29),
(73, 'Среда', '8.00', '16.00', 29),
(74, 'Четверг', '8.00', '16.00', 29),
(75, 'Пятница', '8.00', '16.00', 29),
(76, 'Понедельник', '8.00', '16.00', 30),
(77, 'Вторник', '8.00', '16.00', 30),
(78, 'Среда', '8.00', '16.00', 30),
(79, 'Четверг', '8.00', '16.00', 30),
(80, 'Пятница', '8.00', '16.00', 30);

-- --------------------------------------------------------

--
-- Структура таблицы `secession`
--

CREATE TABLE `secession` (
  `Id_secession` int(11) NOT NULL,
  `Name` varchar(30) NOT NULL
) ENGINE=InnoDB DEFAULT CHARSET=utf8;

--
-- Дамп данных таблицы `secession`
--

INSERT INTO `secession` (`Id_secession`, `Name`) VALUES
(1, 'Послеродовое'),
(2, 'Эндокринологическое'),
(3, 'Гастроэнтерологическое'),
(4, 'Родовое'),
(5, 'Неврологическое'),
(6, 'Хирургическое'),
(7, 'Кардиологическое'),
(8, 'Патологии беременности'),
(9, 'Функциональной диагностики'),
(10, 'Интенсивной терапии'),
(11, 'Терапевтическое'),
(12, 'Медицинской реабилитации'),
(13, 'Лучевой диагностики');

-- --------------------------------------------------------

--
-- Структура таблицы `signal_list`
--

CREATE TABLE `signal_list` (
  `Id_signal` int(11) NOT NULL,
  `Date` date DEFAULT NULL,
  `Doctor` varchar(30) DEFAULT NULL,
  `Detail` varchar(200) DEFAULT NULL,
  `Id_patient` int(11) NOT NULL
) ENGINE=InnoDB DEFAULT CHARSET=utf8;

--
-- Дамп данных таблицы `signal_list`
--

INSERT INTO `signal_list` (`Id_signal`, `Date`, `Doctor`, `Detail`, `Id_patient`) VALUES
(4, '1999-05-12', 'Власов Г.М.', 'documentation\\8\\Signal\\signal1.jpg', 8),
(5, '2007-10-14', 'Мирошниченко Т.В.', 'documentation\\8\\Signal\\signal2.jpg', 8);

-- --------------------------------------------------------

--
-- Структура таблицы `specialization`
--

CREATE TABLE `specialization` (
  `Id_specialization` int(11) NOT NULL,
  `Name` varchar(30) NOT NULL,
  `Id_number` int(11) NOT NULL
) ENGINE=InnoDB DEFAULT CHARSET=utf8;

--
-- Дамп данных таблицы `specialization`
--

INSERT INTO `specialization` (`Id_specialization`, `Name`, `Id_number`) VALUES
(1, 'терапевт', 1),
(2, 'невролог', 1),
(3, 'акушер-гинеколог', 3),
(4, 'стоматолог общей практики', 4),
(5, 'ревматолог', 1),
(6, 'офтальмолог', 1),
(7, 'рентгенолог', 1),
(8, 'врач функциональной диагностик', 1),
(9, 'стоматолог-терапевт', 4),
(10, 'оториноларинголог', 1),
(11, 'инфекционист', 1),
(12, 'кардиолог', 1),
(13, 'гастроэнтеролог', 1),
(14, 'пульманолог', 1),
(15, 'дерматовенеролог', 1);

-- --------------------------------------------------------

--
-- Структура таблицы `state_patient`
--

CREATE TABLE `state_patient` (
  `Id_state` int(11) NOT NULL,
  `Name` varchar(20) NOT NULL
) ENGINE=InnoDB DEFAULT CHARSET=utf8;

--
-- Дамп данных таблицы `state_patient`
--

INSERT INTO `state_patient` (`Id_state`, `Name`) VALUES
(1, 'студент'),
(2, 'рабочий'),
(3, 'пенсионер'),
(4, 'домохозяйка'),
(5, 'не работает'),
(6, 'учащийся');

-- --------------------------------------------------------

--
-- Структура таблицы `stick_leave`
--

CREATE TABLE `stick_leave` (
  `Id_stick` int(11) NOT NULL,
  `First` tinyint(1) DEFAULT NULL,
  `Continuation` varchar(25) DEFAULT NULL,
  `Date` date DEFAULT NULL,
  `Base` tinyint(1) DEFAULT NULL,
  `Second_work` tinyint(1) DEFAULT NULL,
  `Employment` tinyint(1) DEFAULT NULL,
  `Age` int(11) DEFAULT NULL,
  `Month` int(11) DEFAULT NULL,
  `FIO_relative` varchar(40) DEFAULT NULL,
  `Pregnancy` tinyint(1) DEFAULT NULL,
  `Date_violaion` date DEFAULT NULL,
  `Date_stat_with` date DEFAULT NULL,
  `Date_stat_before` date DEFAULT NULL,
  `Date_MSE` date DEFAULT NULL,
  `Date_check_in_MSE` date DEFAULT NULL,
  `Certificate_MSE` date DEFAULT NULL,
  `Group_disability` tinyint(1) DEFAULT NULL,
  `Date_notwork_with` date DEFAULT NULL,
  `Date_notwork_before` date DEFAULT NULL,
  `Go_to_work_with` date DEFAULT NULL,
  `Date_difficalt` date DEFAULT NULL,
  `List_number` varchar(25) DEFAULT NULL,
  `Id_patient` int(11) NOT NULL,
  `Id_different` int(11) DEFAULT NULL,
  `Id_violation` int(11) DEFAULT NULL,
  `Id_cause` int(11) NOT NULL,
  `Id_additional` int(11) DEFAULT NULL
) ENGINE=InnoDB DEFAULT CHARSET=utf8;

--
-- Дамп данных таблицы `stick_leave`
--

INSERT INTO `stick_leave` (`Id_stick`, `First`, `Continuation`, `Date`, `Base`, `Second_work`, `Employment`, `Age`, `Month`, `FIO_relative`, `Pregnancy`, `Date_violaion`, `Date_stat_with`, `Date_stat_before`, `Date_MSE`, `Date_check_in_MSE`, `Certificate_MSE`, `Group_disability`, `Date_notwork_with`, `Date_notwork_before`, `Go_to_work_with`, `Date_difficalt`, `List_number`, `Id_patient`, `Id_different`, `Id_violation`, `Id_cause`, `Id_additional`) VALUES
(1, 1, NULL, '2002-09-20', 1, NULL, NULL, NULL, NULL, NULL, NULL, NULL, NULL, NULL, NULL, NULL, NULL, NULL, '2002-09-20', '2002-09-27', '2002-09-28', NULL, NULL, 8, NULL, NULL, 1, NULL),
(2, 1, NULL, '2007-10-14', 1, NULL, NULL, NULL, NULL, NULL, NULL, NULL, NULL, NULL, NULL, NULL, NULL, NULL, '2007-10-14', '2007-10-21', '2007-10-22', NULL, NULL, 8, NULL, NULL, 1, NULL),
(3, 1, NULL, '2011-11-20', 1, NULL, NULL, NULL, NULL, NULL, NULL, NULL, NULL, NULL, NULL, NULL, NULL, NULL, '2011-11-20', '2011-11-24', '2011-11-25', NULL, NULL, 8, NULL, NULL, 1, NULL);

-- --------------------------------------------------------

--
-- Структура таблицы `street`
--

CREATE TABLE `street` (
  `Id_street` int(11) NOT NULL,
  `Name` varchar(40) NOT NULL
) ENGINE=InnoDB DEFAULT CHARSET=utf8;

--
-- Дамп данных таблицы `street`
--

INSERT INTO `street` (`Id_street`, `Name`) VALUES
(1, 'Деповская'),
(2, 'Молодежная'),
(3, 'Димитрова'),
(4, 'Короленко'),
(5, 'Никитина'),
(6, 'Попова'),
(7, 'Антона-Петрова'),
(8, 'Союза-Республик'),
(9, 'Брестская'),
(10, 'Профинтерна'),
(11, 'Чкалова'),
(12, 'Партизанская'),
(13, 'Пролетарская'),
(14, 'Анатолия'),
(15, 'Гоголя'),
(16, 'Пушкина'),
(17, 'Червонная'),
(18, 'Советская'),
(19, 'пр.Ленина'),
(20, 'пр.Красноармейский'),
(21, 'пр.Камсомольский'),
(22, 'Павловский тракт'),
(23, 'Матросова'),
(24, 'пр.Калинина'),
(25, 'Северо-Западная'),
(26, 'Юрина'),
(27, 'пр.Космонавтов'),
(28, 'Гущина'),
(29, 'Советской армии'),
(30, 'Эмилии Алексеевой'),
(31, 'Георгия Исакова'),
(32, 'Малахова'),
(33, 'Островского'),
(34, 'Монтажников'),
(35, 'Телефонная'),
(36, 'Бехтерева'),
(37, 'Папанинцев'),
(38, 'Песчаная'),
(39, 'Кирова'),
(40, 'Льва Толстого'),
(41, 'Водопроводная'),
(42, 'Школьная'),
(43, '9 мая');

-- --------------------------------------------------------

--
-- Структура таблицы `survey`
--

CREATE TABLE `survey` (
  `Id_survey` int(11) NOT NULL,
  `Date` date DEFAULT NULL,
  `Specialist` varchar(30) DEFAULT NULL,
  `Detail` varchar(200) DEFAULT NULL,
  `Id_method` int(11) NOT NULL,
  `Id_patient` int(11) NOT NULL
) ENGINE=InnoDB DEFAULT CHARSET=utf8;

--
-- Дамп данных таблицы `survey`
--

INSERT INTO `survey` (`Id_survey`, `Date`, `Specialist`, `Detail`, `Id_method`, `Id_patient`) VALUES
(9, '1999-05-19', 'Кулебин С.Е.', 'documentation\\8\\survey\\rentgen.jpg', 97, 8),
(10, '2002-09-28', 'Белошапкин Н.С.', 'documentation\\8\\survey\\du.jpg', 99, 8),
(11, '2003-11-26', 'Екшибарова Н.А.', 'documentation\\8\\survey\\forez.jpg', 98, 8),
(12, '2004-04-13', 'Белошапкин Н.С.', 'documentation\\8\\survey\\gastroskopiya.jpg', 73, 8);

-- --------------------------------------------------------

--
-- Структура таблицы `survey_for_diagnosis`
--

CREATE TABLE `survey_for_diagnosis` (
  `Id_survey_for_diagnosis` int(11) NOT NULL,
  `Id_method` int(11) NOT NULL,
  `Id_diagnosis` int(11) NOT NULL
) ENGINE=InnoDB DEFAULT CHARSET=utf8;

--
-- Дамп данных таблицы `survey_for_diagnosis`
--

INSERT INTO `survey_for_diagnosis` (`Id_survey_for_diagnosis`, `Id_method`, `Id_diagnosis`) VALUES
(1, 32, 149),
(2, 43, 149),
(3, 92, 149),
(4, 97, 149),
(5, 32, 97),
(6, 43, 97),
(7, 35, 97),
(8, 33, 97),
(9, 101, 97),
(10, 11, 97),
(11, 92, 97),
(12, 27, 97),
(13, 102, 97),
(14, 103, 97),
(15, 32, 92),
(16, 43, 92),
(17, 35, 92),
(18, 104, 92),
(19, 27, 92),
(20, 102, 92),
(21, 105, 92),
(22, 106, 92);

-- --------------------------------------------------------

--
-- Структура таблицы `symptoms`
--

CREATE TABLE `symptoms` (
  `Id_symptom` int(11) NOT NULL,
  `Id_complaints` int(11) NOT NULL,
  `Id_anamnesis` int(11) DEFAULT NULL,
  `Id_diagnosis` int(11) NOT NULL
) ENGINE=InnoDB DEFAULT CHARSET=utf8;

--
-- Дамп данных таблицы `symptoms`
--

INSERT INTO `symptoms` (`Id_symptom`, `Id_complaints`, `Id_anamnesis`, `Id_diagnosis`) VALUES
(2, 5, NULL, 149),
(3, 91, NULL, 149),
(4, 32, 19, 149),
(5, 1, 9, 149),
(6, 58, NULL, 149),
(7, 57, NULL, 149),
(8, 91, 4, 97),
(9, 92, NULL, 97),
(10, 128, 5, 97),
(11, 132, NULL, 97),
(12, 86, NULL, 97),
(13, 15, NULL, 97),
(14, 72, NULL, 92),
(15, 72, NULL, 93),
(16, 46, NULL, 92),
(17, 46, NULL, 93),
(18, 47, NULL, 92),
(19, 47, NULL, 93),
(20, 136, 22, 92),
(21, 136, 23, 93),
(22, 137, 5, 92),
(23, 137, 5, 93),
(24, 90, NULL, 92),
(25, 90, NULL, 93),
(26, 21, NULL, 92),
(27, 21, NULL, 93);

-- --------------------------------------------------------

--
-- Структура таблицы `therapy`
--

CREATE TABLE `therapy` (
  `Id_therapy` int(11) NOT NULL,
  `Id_medicament` int(11) NOT NULL,
  `Dosage` varchar(200) DEFAULT NULL,
  `Id_diagnosis` int(11) NOT NULL
) ENGINE=InnoDB DEFAULT CHARSET=utf8;

--
-- Дамп данных таблицы `therapy`
--

INSERT INTO `therapy` (`Id_therapy`, `Id_medicament`, `Dosage`, `Id_diagnosis`) VALUES
(1, 7, '500мг 1 таблетка 3 р. в день', 149),
(2, 101, '125мг 1 таблетка 3 р. в день', 149),
(3, 102, '0,5мг 1 таблетка в день', 149),
(4, 116, '0,5мг 1 таблетка в день', 149),
(5, 117, '1 таблетка 3 р. в день', 149),
(6, 118, '1 таблетка 3 р. в день', 149),
(7, 119, '1 таблетка/десертная ложка 3 р. в день', 149),
(8, 103, NULL, 92),
(9, 104, NULL, 92),
(10, 105, NULL, 92),
(11, 106, NULL, 92),
(12, 107, NULL, 92),
(13, 108, NULL, 92),
(14, 109, NULL, 92),
(15, 110, NULL, 92),
(16, 111, NULL, 92),
(17, 112, NULL, 92),
(18, 113, NULL, 92),
(19, 114, NULL, 92),
(20, 115, NULL, 92),
(21, 134, '3,5мг по 2 т 2р в день', 93),
(22, 135, '(500,850,1000)мг от 1 до 4т в день', 93),
(23, 136, '(30 или 60)мг от 1 до 2 т в день утром', 93),
(24, 137, '(1,2,3,4)мг по 1 т в день', 93),
(25, 120, '(25,50,100)мг 1т в день', 97),
(26, 121, '(80,100)мг 1т в день утром', 97),
(27, 122, '(8,16,21,32)мг 1т в день утром', 97),
(28, 123, '(40,80)мг 1т в день утром', 97),
(29, 124, '(1,5;2,5)мг 1т в день утром', 97),
(30, 125, '25мг 1 или 2 т в день утром', 97),
(31, 126, '25мг 1 или 2 т в день утром', 97),
(32, 4, '10мг 1т в день утром', 97),
(33, 127, '(10,20)мг 1т 2 р в день', 97),
(34, 128, '(5,10,20)мг 1т 2 р в день', 97),
(35, 50, '(2,5;5;10)мг 1т в день утром', 97),
(36, 51, '(25,50,100)мг от 1 до 2 т в день', 97),
(37, 129, '(0,2;0,4)мг от 1 до 2 т в день', 97),
(38, 130, '(5,10,20)мг 1т 2 р в день', 97),
(39, 131, '(5,10,20)мг 1т 2 р в день', 97),
(40, 132, '(5,10,20)мг 1т 2 р в день', 97),
(41, 133, '8мг 1т в день', 97);

--
-- Индексы сохранённых таблиц
--

--
-- Индексы таблицы `additional_code`
--
ALTER TABLE `additional_code`
  ADD PRIMARY KEY (`Id_additional`);

--
-- Индексы таблицы `add_surveys`
--
ALTER TABLE `add_surveys`
  ADD PRIMARY KEY (`Id_add_survey`),
  ADD KEY `IX_Relationship99` (`Id_visitation`),
  ADD KEY `IX_Relationship103` (`Id_method`);

--
-- Индексы таблицы `allergy_to_medicines`
--
ALTER TABLE `allergy_to_medicines`
  ADD PRIMARY KEY (`Id_alergy`),
  ADD KEY `IX_Relationship80` (`Id_patient`),
  ADD KEY `IX_Relationship81` (`Id_medicament`);

--
-- Индексы таблицы `anamnesis`
--
ALTER TABLE `anamnesis`
  ADD PRIMARY KEY (`Id_anamnesis`);

--
-- Индексы таблицы `anamnesis_date`
--
ALTER TABLE `anamnesis_date`
  ADD PRIMARY KEY (`Id_anamnesis_date`),
  ADD KEY `IX_Relationship71` (`Id_visitation`),
  ADD KEY `IX_Relationship72` (`Id_anamnesis`);

--
-- Индексы таблицы `area`
--
ALTER TABLE `area`
  ADD PRIMARY KEY (`Id_area`),
  ADD KEY `IX_Relationship65` (`Id_MO`);

--
-- Индексы таблицы `clinical_examination`
--
ALTER TABLE `clinical_examination`
  ADD PRIMARY KEY (`Id_exam`),
  ADD KEY `IX_Relationship32` (`Id_patient`),
  ADD KEY `IX_Relationship47` (`Id_group_observation`),
  ADD KEY `IX_Relationship49` (`Id_privilege`);

--
-- Индексы таблицы `code_cause`
--
ALTER TABLE `code_cause`
  ADD PRIMARY KEY (`Id_cause`);

--
-- Индексы таблицы `code_different`
--
ALTER TABLE `code_different`
  ADD PRIMARY KEY (`Id_different`);

--
-- Индексы таблицы `code_privilege`
--
ALTER TABLE `code_privilege`
  ADD PRIMARY KEY (`Id_privilege`);

--
-- Индексы таблицы `code_violation`
--
ALTER TABLE `code_violation`
  ADD PRIMARY KEY (`Id_violation`);

--
-- Индексы таблицы `company`
--
ALTER TABLE `company`
  ADD PRIMARY KEY (`Id_insurer`);

--
-- Индексы таблицы `complaints`
--
ALTER TABLE `complaints`
  ADD PRIMARY KEY (`Id_complaints`);

--
-- Индексы таблицы `complaints_date`
--
ALTER TABLE `complaints_date`
  ADD PRIMARY KEY (`Id_complaints_date`),
  ADD KEY `IX_Relationship73` (`Id_visitation`),
  ADD KEY `IX_Relationship74` (`Id_complaints`);

--
-- Индексы таблицы `daily_schedule`
--
ALTER TABLE `daily_schedule`
  ADD PRIMARY KEY (`Id_work_day`),
  ADD KEY `IX_Relationship95` (`Id_date_work`);

--
-- Индексы таблицы `data_area`
--
ALTER TABLE `data_area`
  ADD PRIMARY KEY (`Id_data_area`),
  ADD KEY `IX_Relationship17` (`Id_area`),
  ADD KEY `IX_Relationship18` (`Id_street`);

--
-- Индексы таблицы `date_work`
--
ALTER TABLE `date_work`
  ADD PRIMARY KEY (`Id_date_work`),
  ADD KEY `IX_Relationship89` (`Id_area`),
  ADD KEY `IX_Relationship90` (`Id_MO`),
  ADD KEY `IX_Relationship91` (`Id_doctor`);

--
-- Индексы таблицы `diagnosis`
--
ALTER TABLE `diagnosis`
  ADD PRIMARY KEY (`Id_diagnosis`);

--
-- Индексы таблицы `diagnosis_date`
--
ALTER TABLE `diagnosis_date`
  ADD PRIMARY KEY (`Id_diagnosis_date`),
  ADD KEY `IX_Relationship67` (`Id_visitation`),
  ADD KEY `IX_Relationship68` (`Id_diagnosis`);

--
-- Индексы таблицы `diagnosis_examinatio`
--
ALTER TABLE `diagnosis_examinatio`
  ADD PRIMARY KEY (`Id_diagnosis_examination`),
  ADD KEY `IX_Relationship70` (`Id_diagnosis`),
  ADD KEY `IX_Relationship79` (`Id_doctor_exam`);

--
-- Индексы таблицы `doctor`
--
ALTER TABLE `doctor`
  ADD PRIMARY KEY (`Id_doctor`),
  ADD UNIQUE KEY `Логин` (`Login`);

--
-- Индексы таблицы `doctor_exam`
--
ALTER TABLE `doctor_exam`
  ADD PRIMARY KEY (`Id_doctor_exam`),
  ADD KEY `IX_Relationship76` (`Id_exam`),
  ADD KEY `IX_Relationship77` (`Id_doctor`);

--
-- Индексы таблицы `doctor_specialization`
--
ALTER TABLE `doctor_specialization`
  ADD PRIMARY KEY (`Id_doctor_spezialization`),
  ADD KEY `IX_Relationship92` (`Id_doctor`),
  ADD KEY `IX_Relationship93` (`Id_specialization`);

--
-- Индексы таблицы `graft`
--
ALTER TABLE `graft`
  ADD PRIMARY KEY (`Id_certification`),
  ADD KEY `IX_Relationship19` (`Id_graft`),
  ADD KEY `IX_Relationship20` (`Id_MO`),
  ADD KEY `IX_Relationship24` (`Id_patient`);

--
-- Индексы таблицы `graft_name`
--
ALTER TABLE `graft_name`
  ADD PRIMARY KEY (`Id_graft`);

--
-- Индексы таблицы `group_disability`
--
ALTER TABLE `group_disability`
  ADD PRIMARY KEY (`Id_disability`);

--
-- Индексы таблицы `group_observation`
--
ALTER TABLE `group_observation`
  ADD PRIMARY KEY (`Id_group_observation`);

--
-- Индексы таблицы `group_of_blood`
--
ALTER TABLE `group_of_blood`
  ADD PRIMARY KEY (`Id_blood`);

--
-- Индексы таблицы `hospitalization`
--
ALTER TABLE `hospitalization`
  ADD PRIMARY KEY (`Id_hospitalization`),
  ADD KEY `IX_Relationship25` (`Id_secession`),
  ADD KEY `IX_Relationship26` (`Id_profile_bed`),
  ADD KEY `IX_Relationship27` (`Id_patient`),
  ADD KEY `IX_Relationship28` (`Id_diagnosis`),
  ADD KEY `IX_Relationship29` (`Id_MO`),
  ADD KEY `IX_Relationship85` (`Id_doctor`);

--
-- Индексы таблицы `medicament`
--
ALTER TABLE `medicament`
  ADD PRIMARY KEY (`Id_medicament`);

--
-- Индексы таблицы `method_of_examination`
--
ALTER TABLE `method_of_examination`
  ADD PRIMARY KEY (`Id_method`);

--
-- Индексы таблицы `mo`
--
ALTER TABLE `mo`
  ADD PRIMARY KEY (`Id_MO`);

--
-- Индексы таблицы `organization`
--
ALTER TABLE `organization`
  ADD PRIMARY KEY (`Id_organization`);

--
-- Индексы таблицы `patient`
--
ALTER TABLE `patient`
  ADD PRIMARY KEY (`Id_patient`),
  ADD UNIQUE KEY `Номер истории болезни` (`Number_history`),
  ADD UNIQUE KEY `Серия номер` (`Series_number`),
  ADD UNIQUE KEY `СНИЛС` (`SNILS`),
  ADD UNIQUE KEY `Номер медицинского полиса` (`OMS`),
  ADD KEY `IX_Relationship2` (`Id_insurer`),
  ADD KEY `IX_Relationship4` (`Id_disability`),
  ADD KEY `IX_Relationship7` (`Id_organization`),
  ADD KEY `IX_Relationship41` (`Id_blood`),
  ADD KEY `IX_Relationship42` (`Id_state`),
  ADD KEY `IX_Relationship66` (`Id_area`);

--
-- Индексы таблицы `profile_bed`
--
ALTER TABLE `profile_bed`
  ADD PRIMARY KEY (`Id_profile_bed`);

--
-- Индексы таблицы `profile_specialization`
--
ALTER TABLE `profile_specialization`
  ADD PRIMARY KEY (`Id_profile`);

--
-- Индексы таблицы `protocol`
--
ALTER TABLE `protocol`
  ADD PRIMARY KEY (`Id_visitation`),
  ADD KEY `IX_Relationship10` (`Id_patient`),
  ADD KEY `IX_Relationship48` (`Id_group_observation`),
  ADD KEY `IX_Relationship62` (`Id_doctor`),
  ADD KEY `IX_Relationship64` (`Id_day`);

--
-- Индексы таблицы `schedule`
--
ALTER TABLE `schedule`
  ADD PRIMARY KEY (`Id_day`),
  ADD KEY `IX_Relationship94` (`Id_date_work`);

--
-- Индексы таблицы `secession`
--
ALTER TABLE `secession`
  ADD PRIMARY KEY (`Id_secession`);

--
-- Индексы таблицы `signal_list`
--
ALTER TABLE `signal_list`
  ADD PRIMARY KEY (`Id_signal`),
  ADD KEY `IX_Relationship8` (`Id_patient`);

--
-- Индексы таблицы `specialization`
--
ALTER TABLE `specialization`
  ADD PRIMARY KEY (`Id_specialization`),
  ADD KEY `IX_Relationship51` (`Id_number`);

--
-- Индексы таблицы `state_patient`
--
ALTER TABLE `state_patient`
  ADD PRIMARY KEY (`Id_state`);

--
-- Индексы таблицы `stick_leave`
--
ALTER TABLE `stick_leave`
  ADD PRIMARY KEY (`Id_stick`),
  ADD KEY `IX_Relationship9` (`Id_patient`),
  ADD KEY `IX_Relationship43` (`Id_different`),
  ADD KEY `IX_Relationship44` (`Id_violation`),
  ADD KEY `IX_Relationship45` (`Id_cause`),
  ADD KEY `IX_Relationship46` (`Id_additional`);

--
-- Индексы таблицы `street`
--
ALTER TABLE `street`
  ADD PRIMARY KEY (`Id_street`);

--
-- Индексы таблицы `survey`
--
ALTER TABLE `survey`
  ADD PRIMARY KEY (`Id_survey`),
  ADD KEY `IX_Relationship5` (`Id_method`),
  ADD KEY `IX_Relationship6` (`Id_patient`);

--
-- Индексы таблицы `survey_for_diagnosis`
--
ALTER TABLE `survey_for_diagnosis`
  ADD PRIMARY KEY (`Id_survey_for_diagnosis`),
  ADD KEY `IX_Relationship104` (`Id_method`),
  ADD KEY `IX_Relationship106` (`Id_diagnosis`);

--
-- Индексы таблицы `symptoms`
--
ALTER TABLE `symptoms`
  ADD PRIMARY KEY (`Id_symptom`),
  ADD KEY `IX_Relationship100` (`Id_complaints`),
  ADD KEY `IX_Relationship101` (`Id_anamnesis`),
  ADD KEY `IX_Relationship107` (`Id_diagnosis`);

--
-- Индексы таблицы `therapy`
--
ALTER TABLE `therapy`
  ADD PRIMARY KEY (`Id_therapy`),
  ADD KEY `IX_Relationship102` (`Id_medicament`),
  ADD KEY `IX_Relationship105` (`Id_diagnosis`);

--
-- AUTO_INCREMENT для сохранённых таблиц
--

--
-- AUTO_INCREMENT для таблицы `additional_code`
--
ALTER TABLE `additional_code`
  MODIFY `Id_additional` int(11) NOT NULL AUTO_INCREMENT, AUTO_INCREMENT=6;

--
-- AUTO_INCREMENT для таблицы `add_surveys`
--
ALTER TABLE `add_surveys`
  MODIFY `Id_add_survey` int(11) NOT NULL AUTO_INCREMENT, AUTO_INCREMENT=10;

--
-- AUTO_INCREMENT для таблицы `allergy_to_medicines`
--
ALTER TABLE `allergy_to_medicines`
  MODIFY `Id_alergy` int(11) NOT NULL AUTO_INCREMENT;

--
-- AUTO_INCREMENT для таблицы `anamnesis`
--
ALTER TABLE `anamnesis`
  MODIFY `Id_anamnesis` int(11) NOT NULL AUTO_INCREMENT, AUTO_INCREMENT=24;

--
-- AUTO_INCREMENT для таблицы `anamnesis_date`
--
ALTER TABLE `anamnesis_date`
  MODIFY `Id_anamnesis_date` int(11) NOT NULL AUTO_INCREMENT, AUTO_INCREMENT=26;

--
-- AUTO_INCREMENT для таблицы `area`
--
ALTER TABLE `area`
  MODIFY `Id_area` int(11) NOT NULL AUTO_INCREMENT, AUTO_INCREMENT=8;

--
-- AUTO_INCREMENT для таблицы `clinical_examination`
--
ALTER TABLE `clinical_examination`
  MODIFY `Id_exam` int(11) NOT NULL AUTO_INCREMENT;

--
-- AUTO_INCREMENT для таблицы `code_cause`
--
ALTER TABLE `code_cause`
  MODIFY `Id_cause` int(11) NOT NULL AUTO_INCREMENT, AUTO_INCREMENT=16;

--
-- AUTO_INCREMENT для таблицы `code_different`
--
ALTER TABLE `code_different`
  MODIFY `Id_different` int(11) NOT NULL AUTO_INCREMENT, AUTO_INCREMENT=8;

--
-- AUTO_INCREMENT для таблицы `code_privilege`
--
ALTER TABLE `code_privilege`
  MODIFY `Id_privilege` int(11) NOT NULL AUTO_INCREMENT, AUTO_INCREMENT=77;

--
-- AUTO_INCREMENT для таблицы `code_violation`
--
ALTER TABLE `code_violation`
  MODIFY `Id_violation` int(11) NOT NULL AUTO_INCREMENT, AUTO_INCREMENT=7;

--
-- AUTO_INCREMENT для таблицы `company`
--
ALTER TABLE `company`
  MODIFY `Id_insurer` int(11) NOT NULL AUTO_INCREMENT, AUTO_INCREMENT=10;

--
-- AUTO_INCREMENT для таблицы `complaints`
--
ALTER TABLE `complaints`
  MODIFY `Id_complaints` int(11) NOT NULL AUTO_INCREMENT, AUTO_INCREMENT=139;

--
-- AUTO_INCREMENT для таблицы `complaints_date`
--
ALTER TABLE `complaints_date`
  MODIFY `Id_complaints_date` int(11) NOT NULL AUTO_INCREMENT, AUTO_INCREMENT=56;

--
-- AUTO_INCREMENT для таблицы `daily_schedule`
--
ALTER TABLE `daily_schedule`
  MODIFY `Id_work_day` int(11) NOT NULL AUTO_INCREMENT, AUTO_INCREMENT=877;

--
-- AUTO_INCREMENT для таблицы `data_area`
--
ALTER TABLE `data_area`
  MODIFY `Id_data_area` int(11) NOT NULL AUTO_INCREMENT, AUTO_INCREMENT=55;

--
-- AUTO_INCREMENT для таблицы `date_work`
--
ALTER TABLE `date_work`
  MODIFY `Id_date_work` int(11) NOT NULL AUTO_INCREMENT, AUTO_INCREMENT=31;

--
-- AUTO_INCREMENT для таблицы `diagnosis`
--
ALTER TABLE `diagnosis`
  MODIFY `Id_diagnosis` int(11) NOT NULL AUTO_INCREMENT, AUTO_INCREMENT=186;

--
-- AUTO_INCREMENT для таблицы `diagnosis_date`
--
ALTER TABLE `diagnosis_date`
  MODIFY `Id_diagnosis_date` int(11) NOT NULL AUTO_INCREMENT, AUTO_INCREMENT=28;

--
-- AUTO_INCREMENT для таблицы `diagnosis_examinatio`
--
ALTER TABLE `diagnosis_examinatio`
  MODIFY `Id_diagnosis_examination` int(11) NOT NULL AUTO_INCREMENT;

--
-- AUTO_INCREMENT для таблицы `doctor`
--
ALTER TABLE `doctor`
  MODIFY `Id_doctor` int(11) NOT NULL AUTO_INCREMENT, AUTO_INCREMENT=19;

--
-- AUTO_INCREMENT для таблицы `doctor_exam`
--
ALTER TABLE `doctor_exam`
  MODIFY `Id_doctor_exam` int(11) NOT NULL AUTO_INCREMENT;

--
-- AUTO_INCREMENT для таблицы `doctor_specialization`
--
ALTER TABLE `doctor_specialization`
  MODIFY `Id_doctor_spezialization` int(11) NOT NULL AUTO_INCREMENT, AUTO_INCREMENT=17;

--
-- AUTO_INCREMENT для таблицы `graft`
--
ALTER TABLE `graft`
  MODIFY `Id_certification` int(11) NOT NULL AUTO_INCREMENT, AUTO_INCREMENT=26;

--
-- AUTO_INCREMENT для таблицы `graft_name`
--
ALTER TABLE `graft_name`
  MODIFY `Id_graft` int(11) NOT NULL AUTO_INCREMENT, AUTO_INCREMENT=12;

--
-- AUTO_INCREMENT для таблицы `group_disability`
--
ALTER TABLE `group_disability`
  MODIFY `Id_disability` int(11) NOT NULL AUTO_INCREMENT, AUTO_INCREMENT=6;

--
-- AUTO_INCREMENT для таблицы `group_observation`
--
ALTER TABLE `group_observation`
  MODIFY `Id_group_observation` int(11) NOT NULL AUTO_INCREMENT, AUTO_INCREMENT=5;

--
-- AUTO_INCREMENT для таблицы `group_of_blood`
--
ALTER TABLE `group_of_blood`
  MODIFY `Id_blood` int(11) NOT NULL AUTO_INCREMENT, AUTO_INCREMENT=4;

--
-- AUTO_INCREMENT для таблицы `hospitalization`
--
ALTER TABLE `hospitalization`
  MODIFY `Id_hospitalization` int(11) NOT NULL AUTO_INCREMENT;

--
-- AUTO_INCREMENT для таблицы `medicament`
--
ALTER TABLE `medicament`
  MODIFY `Id_medicament` int(11) NOT NULL AUTO_INCREMENT, AUTO_INCREMENT=138;

--
-- AUTO_INCREMENT для таблицы `method_of_examination`
--
ALTER TABLE `method_of_examination`
  MODIFY `Id_method` int(11) NOT NULL AUTO_INCREMENT, AUTO_INCREMENT=107;

--
-- AUTO_INCREMENT для таблицы `mo`
--
ALTER TABLE `mo`
  MODIFY `Id_MO` int(11) NOT NULL AUTO_INCREMENT, AUTO_INCREMENT=53;

--
-- AUTO_INCREMENT для таблицы `organization`
--
ALTER TABLE `organization`
  MODIFY `Id_organization` int(11) NOT NULL AUTO_INCREMENT, AUTO_INCREMENT=22;

--
-- AUTO_INCREMENT для таблицы `patient`
--
ALTER TABLE `patient`
  MODIFY `Id_patient` int(11) NOT NULL AUTO_INCREMENT, AUTO_INCREMENT=14;

--
-- AUTO_INCREMENT для таблицы `profile_bed`
--
ALTER TABLE `profile_bed`
  MODIFY `Id_profile_bed` int(11) NOT NULL AUTO_INCREMENT, AUTO_INCREMENT=15;

--
-- AUTO_INCREMENT для таблицы `profile_specialization`
--
ALTER TABLE `profile_specialization`
  MODIFY `Id_profile` int(11) NOT NULL AUTO_INCREMENT, AUTO_INCREMENT=5;

--
-- AUTO_INCREMENT для таблицы `protocol`
--
ALTER TABLE `protocol`
  MODIFY `Id_visitation` int(11) NOT NULL AUTO_INCREMENT, AUTO_INCREMENT=62;

--
-- AUTO_INCREMENT для таблицы `schedule`
--
ALTER TABLE `schedule`
  MODIFY `Id_day` int(11) NOT NULL AUTO_INCREMENT, AUTO_INCREMENT=81;

--
-- AUTO_INCREMENT для таблицы `secession`
--
ALTER TABLE `secession`
  MODIFY `Id_secession` int(11) NOT NULL AUTO_INCREMENT, AUTO_INCREMENT=14;

--
-- AUTO_INCREMENT для таблицы `signal_list`
--
ALTER TABLE `signal_list`
  MODIFY `Id_signal` int(11) NOT NULL AUTO_INCREMENT, AUTO_INCREMENT=6;

--
-- AUTO_INCREMENT для таблицы `specialization`
--
ALTER TABLE `specialization`
  MODIFY `Id_specialization` int(11) NOT NULL AUTO_INCREMENT, AUTO_INCREMENT=16;

--
-- AUTO_INCREMENT для таблицы `state_patient`
--
ALTER TABLE `state_patient`
  MODIFY `Id_state` int(11) NOT NULL AUTO_INCREMENT, AUTO_INCREMENT=7;

--
-- AUTO_INCREMENT для таблицы `stick_leave`
--
ALTER TABLE `stick_leave`
  MODIFY `Id_stick` int(11) NOT NULL AUTO_INCREMENT, AUTO_INCREMENT=4;

--
-- AUTO_INCREMENT для таблицы `street`
--
ALTER TABLE `street`
  MODIFY `Id_street` int(11) NOT NULL AUTO_INCREMENT, AUTO_INCREMENT=44;

--
-- AUTO_INCREMENT для таблицы `survey`
--
ALTER TABLE `survey`
  MODIFY `Id_survey` int(11) NOT NULL AUTO_INCREMENT, AUTO_INCREMENT=13;

--
-- AUTO_INCREMENT для таблицы `survey_for_diagnosis`
--
ALTER TABLE `survey_for_diagnosis`
  MODIFY `Id_survey_for_diagnosis` int(11) NOT NULL AUTO_INCREMENT, AUTO_INCREMENT=23;

--
-- AUTO_INCREMENT для таблицы `symptoms`
--
ALTER TABLE `symptoms`
  MODIFY `Id_symptom` int(11) NOT NULL AUTO_INCREMENT, AUTO_INCREMENT=28;

--
-- AUTO_INCREMENT для таблицы `therapy`
--
ALTER TABLE `therapy`
  MODIFY `Id_therapy` int(11) NOT NULL AUTO_INCREMENT, AUTO_INCREMENT=42;

--
-- Ограничения внешнего ключа сохраненных таблиц
--

--
-- Ограничения внешнего ключа таблицы `add_surveys`
--
ALTER TABLE `add_surveys`
  ADD CONSTRAINT `Relationship103` FOREIGN KEY (`Id_method`) REFERENCES `method_of_examination` (`Id_method`),
  ADD CONSTRAINT `Relationship99` FOREIGN KEY (`Id_visitation`) REFERENCES `protocol` (`Id_visitation`);

--
-- Ограничения внешнего ключа таблицы `allergy_to_medicines`
--
ALTER TABLE `allergy_to_medicines`
  ADD CONSTRAINT `Relationship80` FOREIGN KEY (`Id_patient`) REFERENCES `patient` (`Id_patient`),
  ADD CONSTRAINT `Relationship81` FOREIGN KEY (`Id_medicament`) REFERENCES `medicament` (`Id_medicament`);

--
-- Ограничения внешнего ключа таблицы `anamnesis_date`
--
ALTER TABLE `anamnesis_date`
  ADD CONSTRAINT `Relationship71` FOREIGN KEY (`Id_visitation`) REFERENCES `protocol` (`Id_visitation`),
  ADD CONSTRAINT `Relationship72` FOREIGN KEY (`Id_anamnesis`) REFERENCES `anamnesis` (`Id_anamnesis`);

--
-- Ограничения внешнего ключа таблицы `area`
--
ALTER TABLE `area`
  ADD CONSTRAINT `Relationship65` FOREIGN KEY (`Id_MO`) REFERENCES `mo` (`Id_MO`);

--
-- Ограничения внешнего ключа таблицы `clinical_examination`
--
ALTER TABLE `clinical_examination`
  ADD CONSTRAINT `Relationship32` FOREIGN KEY (`Id_patient`) REFERENCES `patient` (`Id_patient`),
  ADD CONSTRAINT `Relationship47` FOREIGN KEY (`Id_group_observation`) REFERENCES `group_observation` (`Id_group_observation`),
  ADD CONSTRAINT `Relationship49` FOREIGN KEY (`Id_privilege`) REFERENCES `code_privilege` (`Id_privilege`);

--
-- Ограничения внешнего ключа таблицы `complaints_date`
--
ALTER TABLE `complaints_date`
  ADD CONSTRAINT `Relationship73` FOREIGN KEY (`Id_visitation`) REFERENCES `protocol` (`Id_visitation`),
  ADD CONSTRAINT `Relationship74` FOREIGN KEY (`Id_complaints`) REFERENCES `complaints` (`Id_complaints`);

--
-- Ограничения внешнего ключа таблицы `daily_schedule`
--
ALTER TABLE `daily_schedule`
  ADD CONSTRAINT `Relationship95` FOREIGN KEY (`Id_date_work`) REFERENCES `date_work` (`Id_date_work`);

--
-- Ограничения внешнего ключа таблицы `data_area`
--
ALTER TABLE `data_area`
  ADD CONSTRAINT `Relationship17` FOREIGN KEY (`Id_area`) REFERENCES `area` (`Id_area`),
  ADD CONSTRAINT `Relationship18` FOREIGN KEY (`Id_street`) REFERENCES `street` (`Id_street`);

--
-- Ограничения внешнего ключа таблицы `date_work`
--
ALTER TABLE `date_work`
  ADD CONSTRAINT `Relationship89` FOREIGN KEY (`Id_area`) REFERENCES `area` (`Id_area`),
  ADD CONSTRAINT `Relationship90` FOREIGN KEY (`Id_MO`) REFERENCES `mo` (`Id_MO`),
  ADD CONSTRAINT `Relationship91` FOREIGN KEY (`Id_doctor`) REFERENCES `doctor` (`Id_doctor`);

--
-- Ограничения внешнего ключа таблицы `diagnosis_date`
--
ALTER TABLE `diagnosis_date`
  ADD CONSTRAINT `Relationship67` FOREIGN KEY (`Id_visitation`) REFERENCES `protocol` (`Id_visitation`),
  ADD CONSTRAINT `Relationship68` FOREIGN KEY (`Id_diagnosis`) REFERENCES `diagnosis` (`Id_diagnosis`);

--
-- Ограничения внешнего ключа таблицы `diagnosis_examinatio`
--
ALTER TABLE `diagnosis_examinatio`
  ADD CONSTRAINT `Relationship70` FOREIGN KEY (`Id_diagnosis`) REFERENCES `diagnosis` (`Id_diagnosis`),
  ADD CONSTRAINT `Relationship79` FOREIGN KEY (`Id_doctor_exam`) REFERENCES `doctor_exam` (`Id_doctor_exam`);

--
-- Ограничения внешнего ключа таблицы `doctor_exam`
--
ALTER TABLE `doctor_exam`
  ADD CONSTRAINT `Relationship76` FOREIGN KEY (`Id_exam`) REFERENCES `clinical_examination` (`Id_exam`),
  ADD CONSTRAINT `Relationship77` FOREIGN KEY (`Id_doctor`) REFERENCES `doctor` (`Id_doctor`);

--
-- Ограничения внешнего ключа таблицы `doctor_specialization`
--
ALTER TABLE `doctor_specialization`
  ADD CONSTRAINT `Relationship92` FOREIGN KEY (`Id_doctor`) REFERENCES `doctor` (`Id_doctor`),
  ADD CONSTRAINT `Relationship93` FOREIGN KEY (`Id_specialization`) REFERENCES `specialization` (`Id_specialization`);

--
-- Ограничения внешнего ключа таблицы `graft`
--
ALTER TABLE `graft`
  ADD CONSTRAINT `Relationship19` FOREIGN KEY (`Id_graft`) REFERENCES `graft_name` (`Id_graft`),
  ADD CONSTRAINT `Relationship20` FOREIGN KEY (`Id_MO`) REFERENCES `mo` (`Id_MO`),
  ADD CONSTRAINT `Relationship24` FOREIGN KEY (`Id_patient`) REFERENCES `patient` (`Id_patient`);

--
-- Ограничения внешнего ключа таблицы `hospitalization`
--
ALTER TABLE `hospitalization`
  ADD CONSTRAINT `Relationship25` FOREIGN KEY (`Id_secession`) REFERENCES `secession` (`Id_secession`),
  ADD CONSTRAINT `Relationship26` FOREIGN KEY (`Id_profile_bed`) REFERENCES `profile_bed` (`Id_profile_bed`),
  ADD CONSTRAINT `Relationship27` FOREIGN KEY (`Id_patient`) REFERENCES `patient` (`Id_patient`),
  ADD CONSTRAINT `Relationship28` FOREIGN KEY (`Id_diagnosis`) REFERENCES `diagnosis` (`Id_diagnosis`),
  ADD CONSTRAINT `Relationship29` FOREIGN KEY (`Id_MO`) REFERENCES `mo` (`Id_MO`),
  ADD CONSTRAINT `Relationship85` FOREIGN KEY (`Id_doctor`) REFERENCES `doctor` (`Id_doctor`);

--
-- Ограничения внешнего ключа таблицы `patient`
--
ALTER TABLE `patient`
  ADD CONSTRAINT `Relationship2` FOREIGN KEY (`Id_insurer`) REFERENCES `company` (`Id_insurer`),
  ADD CONSTRAINT `Relationship4` FOREIGN KEY (`Id_disability`) REFERENCES `group_disability` (`Id_disability`),
  ADD CONSTRAINT `Relationship41` FOREIGN KEY (`Id_blood`) REFERENCES `group_of_blood` (`Id_blood`),
  ADD CONSTRAINT `Relationship42` FOREIGN KEY (`Id_state`) REFERENCES `state_patient` (`Id_state`),
  ADD CONSTRAINT `Relationship66` FOREIGN KEY (`Id_area`) REFERENCES `area` (`Id_area`),
  ADD CONSTRAINT `Relationship7` FOREIGN KEY (`Id_organization`) REFERENCES `organization` (`Id_organization`);

--
-- Ограничения внешнего ключа таблицы `protocol`
--
ALTER TABLE `protocol`
  ADD CONSTRAINT `Relationship10` FOREIGN KEY (`Id_patient`) REFERENCES `patient` (`Id_patient`),
  ADD CONSTRAINT `Relationship48` FOREIGN KEY (`Id_group_observation`) REFERENCES `group_observation` (`Id_group_observation`),
  ADD CONSTRAINT `Relationship62` FOREIGN KEY (`Id_doctor`) REFERENCES `doctor` (`Id_doctor`),
  ADD CONSTRAINT `Relationship64` FOREIGN KEY (`Id_day`) REFERENCES `daily_schedule` (`Id_work_day`);

--
-- Ограничения внешнего ключа таблицы `schedule`
--
ALTER TABLE `schedule`
  ADD CONSTRAINT `Relationship94` FOREIGN KEY (`Id_date_work`) REFERENCES `date_work` (`Id_date_work`);

--
-- Ограничения внешнего ключа таблицы `signal_list`
--
ALTER TABLE `signal_list`
  ADD CONSTRAINT `Relationship8` FOREIGN KEY (`Id_patient`) REFERENCES `patient` (`Id_patient`);

--
-- Ограничения внешнего ключа таблицы `specialization`
--
ALTER TABLE `specialization`
  ADD CONSTRAINT `Relationship51` FOREIGN KEY (`Id_number`) REFERENCES `profile_specialization` (`Id_profile`);

--
-- Ограничения внешнего ключа таблицы `stick_leave`
--
ALTER TABLE `stick_leave`
  ADD CONSTRAINT `Relationship43` FOREIGN KEY (`Id_different`) REFERENCES `code_different` (`Id_different`),
  ADD CONSTRAINT `Relationship44` FOREIGN KEY (`Id_violation`) REFERENCES `code_violation` (`Id_violation`),
  ADD CONSTRAINT `Relationship45` FOREIGN KEY (`Id_cause`) REFERENCES `code_cause` (`Id_cause`),
  ADD CONSTRAINT `Relationship46` FOREIGN KEY (`Id_additional`) REFERENCES `additional_code` (`Id_additional`),
  ADD CONSTRAINT `Relationship9` FOREIGN KEY (`Id_patient`) REFERENCES `patient` (`Id_patient`);

--
-- Ограничения внешнего ключа таблицы `survey`
--
ALTER TABLE `survey`
  ADD CONSTRAINT `Relationship5` FOREIGN KEY (`Id_method`) REFERENCES `method_of_examination` (`Id_method`),
  ADD CONSTRAINT `Relationship6` FOREIGN KEY (`Id_patient`) REFERENCES `patient` (`Id_patient`);

--
-- Ограничения внешнего ключа таблицы `survey_for_diagnosis`
--
ALTER TABLE `survey_for_diagnosis`
  ADD CONSTRAINT `Relationship104` FOREIGN KEY (`Id_method`) REFERENCES `method_of_examination` (`Id_method`),
  ADD CONSTRAINT `Relationship106` FOREIGN KEY (`Id_diagnosis`) REFERENCES `diagnosis` (`Id_diagnosis`);

--
-- Ограничения внешнего ключа таблицы `symptoms`
--
ALTER TABLE `symptoms`
  ADD CONSTRAINT `Relationship100` FOREIGN KEY (`Id_complaints`) REFERENCES `complaints` (`Id_complaints`),
  ADD CONSTRAINT `Relationship101` FOREIGN KEY (`Id_anamnesis`) REFERENCES `anamnesis` (`Id_anamnesis`),
  ADD CONSTRAINT `Relationship107` FOREIGN KEY (`Id_diagnosis`) REFERENCES `diagnosis` (`Id_diagnosis`);

--
-- Ограничения внешнего ключа таблицы `therapy`
--
ALTER TABLE `therapy`
  ADD CONSTRAINT `Relationship102` FOREIGN KEY (`Id_medicament`) REFERENCES `medicament` (`Id_medicament`),
  ADD CONSTRAINT `Relationship105` FOREIGN KEY (`Id_diagnosis`) REFERENCES `diagnosis` (`Id_diagnosis`);
COMMIT;

/*!40101 SET CHARACTER_SET_CLIENT=@OLD_CHARACTER_SET_CLIENT */;
/*!40101 SET CHARACTER_SET_RESULTS=@OLD_CHARACTER_SET_RESULTS */;
/*!40101 SET COLLATION_CONNECTION=@OLD_COLLATION_CONNECTION */;
